query_id	locale	query_text	expected_target_kind	expected_code	must_rank_top_n	notes
TECH-0001	ru-RU	смартфон	CATEGORY_LEAF	TECH.PHONES	1	
TECH-0002	ru-RU	купить смартфон	CATEGORY_LEAF	TECH.PHONES	1	
TECH-0003	ru-RU	смартфон бу	CATEGORY_LEAF	TECH.PHONES	1	
TECH-0004	en-US	iphone	CATEGORY_LEAF	TECH.PHONES	1	
TECH-0005	ru-RU	айфон 14	CATEGORY_LEAF	TECH.PHONES	1	
TECH-0006	en-US	iphone 15 pro	CATEGORY_LEAF	TECH.PHONES	1	
TECH-0007	ru-RU	android телефон	CATEGORY_LEAF	TECH.PHONES	1	
TECH-0008	ru-RU	телефон samsung galaxy	CATEGORY_LEAF	TECH.PHONES	1	
TECH-0009	ru-RU	xiaomi redmi смартфон	CATEGORY_LEAF	TECH.PHONES	1	
TECH-0010	en-US	pixel phone	CATEGORY_LEAF	TECH.PHONES	1	
TECH-0011	en-US	huawei p60	CATEGORY_LEAF	TECH.PHONES	1	
TECH-0012	en-US	oneplus 12	CATEGORY_LEAF	TECH.PHONES	1	
TECH-0013	ru-RU	смартфон 256 гб	CATEGORY_LEAF	TECH.PHONES	1	
TECH-0014	ru-RU	телефон с хорошей камерой	CATEGORY_LEAF	TECH.PHONES	1	
TECH-0015	ru-RU	смарт фон	CATEGORY_LEAF	TECH.PHONES	1	
TECH-0016	en-US	smartphone	CATEGORY_LEAF	TECH.PHONES	1	
TECH-0017	en-US	mobile phone	CATEGORY_LEAF	TECH.PHONES	1	
TECH-0018	en-US	samsung s24	CATEGORY_LEAF	TECH.PHONES	1	
TECH-0019	en-US	xiaomi 13t	CATEGORY_LEAF	TECH.PHONES	1	
TECH-0020	ru-RU	iphone б/у	CATEGORY_LEAF	TECH.PHONES	1	
TECH-0021	ru-RU	телефон android бу	CATEGORY_LEAF	TECH.PHONES	1	
TECH-0022	ru-RU	смартфоны распродажа	CATEGORY_LEAF	TECH.PHONES	1	
TECH-0023	ru-RU	чехол	CATEGORY_LEAF	TECH.PHONE_ACCESSORIES	1	
TECH-0024	ru-RU	чехол для телефона	CATEGORY_LEAF	TECH.PHONE_ACCESSORIES	1	
TECH-0025	ru-RU	чехол на айфон 13	CATEGORY_LEAF	TECH.PHONE_ACCESSORIES	1	
TECH-0026	ru-RU	защитное стекло	CATEGORY_LEAF	TECH.PHONE_ACCESSORIES	1	
TECH-0027	ru-RU	стекло на телефон	CATEGORY_LEAF	TECH.PHONE_ACCESSORIES	1	
TECH-0028	ru-RU	пленка на экран	CATEGORY_LEAF	TECH.PHONE_ACCESSORIES	1	
TECH-0029	ru-RU	зарядка	CATEGORY_LEAF	TECH.PHONE_ACCESSORIES	1	
TECH-0030	ru-RU	быстрая зарядка type c	CATEGORY_LEAF	TECH.PHONE_ACCESSORIES	1	
TECH-0031	ru-RU	кабель type c	CATEGORY_LEAF	TECH.PHONE_ACCESSORIES	1	
TECH-0032	ru-RU	кабель lightning	CATEGORY_LEAF	TECH.PHONE_ACCESSORIES	1	
TECH-0033	en-US	power bank	CATEGORY_LEAF	TECH.PHONE_ACCESSORIES	1	
TECH-0034	ru-RU	пауэрбанк 20000	CATEGORY_LEAF	TECH.PHONE_ACCESSORIES	1	
TECH-0035	ru-RU	держатель для телефона	CATEGORY_LEAF	TECH.PHONE_ACCESSORIES	1	
TECH-0036	ru-RU	попсокет	CATEGORY_LEAF	TECH.PHONE_ACCESSORIES	1	
TECH-0037	ru-RU	адаптер usb c	CATEGORY_LEAF	TECH.PHONE_ACCESSORIES	1	
TECH-0038	ru-RU	переходник для телефона	CATEGORY_LEAF	TECH.PHONE_ACCESSORIES	1	
TECH-0039	ru-RU	набор аксессуаров для телефона	CATEGORY_LEAF	TECH.PHONE_ACCESSORIES	1	
TECH-0040	en-US	phone case	CATEGORY_LEAF	TECH.PHONE_ACCESSORIES	1	
TECH-0041	en-US	screen protector	CATEGORY_LEAF	TECH.PHONE_ACCESSORIES	1	
TECH-0042	en-US	charger type c	CATEGORY_LEAF	TECH.PHONE_ACCESSORIES	1	
TECH-0043	ru-RU	держатель в машину телефон	CATEGORY_LEAF	TECH.PHONE_ACCESSORIES	1	
TECH-0044	ru-RU	чехол samsung	CATEGORY_LEAF	TECH.PHONE_ACCESSORIES	1	
TECH-0045	ru-RU	ноутбук	CATEGORY_LEAF	TECH.LAPTOPS	1	
TECH-0046	ru-RU	купить ноутбук	CATEGORY_LEAF	TECH.LAPTOPS	1	
TECH-0047	ru-RU	ноутбук для учебы	CATEGORY_LEAF	TECH.LAPTOPS	1	
TECH-0048	ru-RU	ноутбук для работы	CATEGORY_LEAF	TECH.LAPTOPS	1	
TECH-0049	ru-RU	игровой ноутбук	CATEGORY_LEAF	TECH.LAPTOPS	1	
TECH-0050	ru-RU	ультрабук	CATEGORY_LEAF	TECH.LAPTOPS	1	
TECH-0051	en-US	macbook	CATEGORY_LEAF	TECH.LAPTOPS	1	
TECH-0052	en-US	macbook air m2	CATEGORY_LEAF	TECH.LAPTOPS	1	
TECH-0053	en-US	macbook pro 14	CATEGORY_LEAF	TECH.LAPTOPS	1	
TECH-0054	en-US	lenovo thinkpad	CATEGORY_LEAF	TECH.LAPTOPS	1	
TECH-0055	en-US	dell xps	CATEGORY_LEAF	TECH.LAPTOPS	1	
TECH-0056	en-US	asus vivobook	CATEGORY_LEAF	TECH.LAPTOPS	1	
TECH-0057	ru-RU	ноутбук 16гб	CATEGORY_LEAF	TECH.LAPTOPS	1	
TECH-0058	ru-RU	ноутбук бу	CATEGORY_LEAF	TECH.LAPTOPS	1	
TECH-0059	ru-RU	ноутбук б/у	CATEGORY_LEAF	TECH.LAPTOPS	1	
TECH-0060	en-US	laptop	CATEGORY_LEAF	TECH.LAPTOPS	1	
TECH-0061	en-US	gaming laptop	CATEGORY_LEAF	TECH.LAPTOPS	1	
TECH-0062	en-US	chromebook	CATEGORY_LEAF	TECH.LAPTOPS	1	
TECH-0063	en-US	lenovo legion	CATEGORY_LEAF	TECH.LAPTOPS	1	
TECH-0064	ru-RU	ноутбук 512 ssd	CATEGORY_LEAF	TECH.LAPTOPS	1	
TECH-0065	en-US	laptop for work	CATEGORY_LEAF	TECH.LAPTOPS	1	
TECH-0066	ru-RU	ноут 14 дюймов	CATEGORY_LEAF	TECH.LAPTOPS	1	
TECH-0067	ru-RU	видеокарта	CATEGORY_LEAF	TECH.PC_COMPONENTS	1	
TECH-0068	en-US	rtx 4070	CATEGORY_LEAF	TECH.PC_COMPONENTS	1	
TECH-0069	en-US	rtx 4060	CATEGORY_LEAF	TECH.PC_COMPONENTS	1	
TECH-0070	en-US	amd rx 7800	CATEGORY_LEAF	TECH.PC_COMPONENTS	1	
TECH-0071	ru-RU	процессор	CATEGORY_LEAF	TECH.PC_COMPONENTS	1	
TECH-0072	en-US	intel i7	CATEGORY_LEAF	TECH.PC_COMPONENTS	1	
TECH-0073	en-US	ryzen 7	CATEGORY_LEAF	TECH.PC_COMPONENTS	1	
TECH-0074	ru-RU	материнская плата	CATEGORY_LEAF	TECH.PC_COMPONENTS	1	
TECH-0075	ru-RU	оперативная память ddr5	CATEGORY_LEAF	TECH.PC_COMPONENTS	1	
TECH-0076	en-US	ddr4 ram	CATEGORY_LEAF	TECH.PC_COMPONENTS	1	
TECH-0077	en-US	ssd m2	CATEGORY_LEAF	TECH.PC_COMPONENTS	1	
TECH-0078	en-US	nvme ssd	CATEGORY_LEAF	TECH.PC_COMPONENTS	1	
TECH-0079	en-US	hdd 2tb	CATEGORY_LEAF	TECH.PC_COMPONENTS	1	
TECH-0080	ru-RU	мышь	CATEGORY_LEAF	TECH.PC_COMPONENTS	1	pc peripheral backfill
TECH-0081	ru-RU	компьютерная мышь	CATEGORY_LEAF	TECH.PC_COMPONENTS	1	pc peripheral backfill
TECH-0082	ru-RU	беспроводная мышь	CATEGORY_LEAF	TECH.PC_COMPONENTS	1	pc peripheral backfill
TECH-0083	ru-RU	проводная мышь	CATEGORY_LEAF	TECH.PC_COMPONENTS	1	pc peripheral backfill
TECH-0084	en-US	mouse	CATEGORY_LEAF	TECH.PC_COMPONENTS	1	pc peripheral backfill
TECH-0085	en-US	computer mouse	CATEGORY_LEAF	TECH.PC_COMPONENTS	1	pc peripheral backfill
TECH-0086	en-US	wireless mouse	CATEGORY_LEAF	TECH.PC_COMPONENTS	1	pc peripheral backfill
TECH-0080	ru-RU	блок питания 750w	CATEGORY_LEAF	TECH.PC_COMPONENTS	1	
TECH-0081	ru-RU	корпус пк	CATEGORY_LEAF	TECH.PC_COMPONENTS	1	
TECH-0082	ru-RU	кулер для процессора	CATEGORY_LEAF	TECH.PC_COMPONENTS	1	
TECH-0083	ru-RU	водяное охлаждение	CATEGORY_LEAF	TECH.PC_COMPONENTS	1	
TECH-0084	en-US	thermal paste	CATEGORY_LEAF	TECH.PC_COMPONENTS	1	
TECH-0085	en-US	gpu	CATEGORY_LEAF	TECH.PC_COMPONENTS	1	
TECH-0086	en-US	cpu	CATEGORY_LEAF	TECH.PC_COMPONENTS	1	
TECH-0087	en-US	pc components	CATEGORY_LEAF	TECH.PC_COMPONENTS	1	
TECH-0088	ru-RU	сборка пк комплектующие	CATEGORY_LEAF	TECH.PC_COMPONENTS	1	
TECH-0089	ru-RU	телевизор	CATEGORY_LEAF	TECH.TV_VIDEO	1	
TECH-0090	ru-RU	телевизор 55	CATEGORY_LEAF	TECH.TV_VIDEO	1	
TECH-0091	en-US	smart tv	CATEGORY_LEAF	TECH.TV_VIDEO	1	
TECH-0092	en-US	oled tv	CATEGORY_LEAF	TECH.TV_VIDEO	1	
TECH-0093	ru-RU	qled телевизор	CATEGORY_LEAF	TECH.TV_VIDEO	1	
TECH-0094	en-US	android tv	CATEGORY_LEAF	TECH.TV_VIDEO	1	
TECH-0095	ru-RU	тв приставка	CATEGORY_LEAF	TECH.TV_VIDEO	1	
TECH-0096	en-US	tv box	CATEGORY_LEAF	TECH.TV_VIDEO	1	
TECH-0097	en-US	apple tv	CATEGORY_LEAF	TECH.TV_VIDEO	1	
TECH-0098	en-US	google tv	CATEGORY_LEAF	TECH.TV_VIDEO	1	
TECH-0099	ru-RU	проектор	CATEGORY_LEAF	TECH.TV_VIDEO	1	
TECH-0100	ru-RU	домашний проектор	CATEGORY_LEAF	TECH.TV_VIDEO	1	
TECH-0101	ru-RU	медиаплеер	CATEGORY_LEAF	TECH.TV_VIDEO	1	
TECH-0102	ru-RU	кронштейн для тв	CATEGORY_LEAF	TECH.TV_VIDEO	1	
TECH-0103	ru-RU	ресивер	CATEGORY_LEAF	TECH.TV_VIDEO	1	
TECH-0104	ru-RU	домашний кинотеатр	CATEGORY_LEAF	TECH.TV_VIDEO	1	
TECH-0105	en-US	tv	CATEGORY_LEAF	TECH.TV_VIDEO	1	
TECH-0106	ru-RU	проектор 4k	CATEGORY_LEAF	TECH.TV_VIDEO	1	
TECH-0107	ru-RU	стриминг приставка	CATEGORY_LEAF	TECH.TV_VIDEO	1	
TECH-0108	ru-RU	телевизор бу	CATEGORY_LEAF	TECH.TV_VIDEO	1	
TECH-0109	ru-RU	пульт для тв	CATEGORY_LEAF	TECH.TV_VIDEO	1	
TECH-0110	en-US	smart television	CATEGORY_LEAF	TECH.TV_VIDEO	1	
TECH-0111	ru-RU	наушники	CATEGORY_LEAF	TECH.AUDIO	1	
TECH-0112	ru-RU	беспроводные наушники	CATEGORY_LEAF	TECH.AUDIO	1	
TECH-0113	ru-RU	bluetooth наушники	CATEGORY_LEAF	TECH.AUDIO	1	
TECH-0114	en-US	airpods	CATEGORY_LEAF	TECH.AUDIO	1	
TECH-0115	en-US	galaxy buds	CATEGORY_LEAF	TECH.AUDIO	1	
TECH-0116	en-US	headphones	CATEGORY_LEAF	TECH.AUDIO	1	
TECH-0117	en-US	earbuds	CATEGORY_LEAF	TECH.AUDIO	1	
TECH-0118	ru-RU	колонка	CATEGORY_LEAF	TECH.AUDIO	1	
TECH-0119	ru-RU	bluetooth колонка	CATEGORY_LEAF	TECH.AUDIO	1	
TECH-0120	en-US	soundbar	CATEGORY_LEAF	TECH.AUDIO	1	
TECH-0121	ru-RU	саундбар	CATEGORY_LEAF	TECH.AUDIO	1	
TECH-0122	ru-RU	микрофон	CATEGORY_LEAF	TECH.AUDIO	1	
TECH-0123	ru-RU	микрофон usb	CATEGORY_LEAF	TECH.AUDIO	1	
TECH-0124	ru-RU	акустика	CATEGORY_LEAF	TECH.AUDIO	1	
TECH-0125	ru-RU	усилитель	CATEGORY_LEAF	TECH.AUDIO	1	
TECH-0126	en-US	hi-fi	CATEGORY_LEAF	TECH.AUDIO	1	
TECH-0127	en-US	speaker	CATEGORY_LEAF	TECH.AUDIO	1	
TECH-0128	ru-RU	проводные наушники	CATEGORY_LEAF	TECH.AUDIO	1	
TECH-0129	ru-RU	наушники для игр	CATEGORY_LEAF	TECH.AUDIO	1	
TECH-0130	ru-RU	колонки для компьютера	CATEGORY_LEAF	TECH.AUDIO	1	
TECH-0131	ru-RU	аудио система	CATEGORY_LEAF	TECH.AUDIO	1	
TECH-0132	ru-RU	фотоаппарат	CATEGORY_LEAF	TECH.CAMERAS	1	
TECH-0133	ru-RU	камера	CATEGORY_LEAF	TECH.CAMERAS	1	
TECH-0134	ru-RU	беззеркалка	CATEGORY_LEAF	TECH.CAMERAS	1	
TECH-0135	ru-RU	зеркалка	CATEGORY_LEAF	TECH.CAMERAS	1	
TECH-0136	en-US	sony alpha	CATEGORY_LEAF	TECH.CAMERAS	1	
TECH-0137	en-US	canon eos	CATEGORY_LEAF	TECH.CAMERAS	1	
TECH-0138	en-US	nikon d750	CATEGORY_LEAF	TECH.CAMERAS	1	
TECH-0139	en-US	gopro	CATEGORY_LEAF	TECH.CAMERAS	1	
TECH-0140	ru-RU	экшн камера	CATEGORY_LEAF	TECH.CAMERAS	1	
TECH-0141	en-US	action camera	CATEGORY_LEAF	TECH.CAMERAS	1	
TECH-0142	ru-RU	объектив	CATEGORY_LEAF	TECH.CAMERAS	1	
TECH-0143	en-US	lens	CATEGORY_LEAF	TECH.CAMERAS	1	
TECH-0144	ru-RU	штатив	CATEGORY_LEAF	TECH.CAMERAS	1	
TECH-0145	en-US	stabilizer	CATEGORY_LEAF	TECH.CAMERAS	1	
TECH-0146	ru-RU	видеокамера	CATEGORY_LEAF	TECH.CAMERAS	1	
TECH-0147	ru-RU	камера 4k	CATEGORY_LEAF	TECH.CAMERAS	1	
TECH-0148	ru-RU	камера для блогера	CATEGORY_LEAF	TECH.CAMERAS	1	
TECH-0149	ru-RU	фотоаппарат бу	CATEGORY_LEAF	TECH.CAMERAS	1	
TECH-0150	en-US	dslr	CATEGORY_LEAF	TECH.CAMERAS	1	
TECH-0151	en-US	mirrorless camera	CATEGORY_LEAF	TECH.CAMERAS	1	
TECH-0152	en-US	camera	CATEGORY_LEAF	TECH.CAMERAS	1	
TECH-0153	en-US	ps5	CATEGORY_LEAF	TECH.GAMING	1	
TECH-0154	en-US	playstation 5	CATEGORY_LEAF	TECH.GAMING	1	
TECH-0155	en-US	ps4	CATEGORY_LEAF	TECH.GAMING	1	
TECH-0156	en-US	xbox	CATEGORY_LEAF	TECH.GAMING	1	
TECH-0157	en-US	xbox series x	CATEGORY_LEAF	TECH.GAMING	1	
TECH-0158	en-US	xbox series s	CATEGORY_LEAF	TECH.GAMING	1	
TECH-0159	en-US	nintendo switch	CATEGORY_LEAF	TECH.GAMING	1	
TECH-0160	en-US	switch oled	CATEGORY_LEAF	TECH.GAMING	1	
TECH-0161	ru-RU	игровая приставка	CATEGORY_LEAF	TECH.GAMING	1	
TECH-0162	ru-RU	консоль	CATEGORY_LEAF	TECH.GAMING	1	
TECH-0163	ru-RU	игры для ps5	CATEGORY_LEAF	TECH.GAMING	1	
TECH-0164	ru-RU	игры для xbox	CATEGORY_LEAF	TECH.GAMING	1	
TECH-0165	ru-RU	геймпад	CATEGORY_LEAF	TECH.GAMING	1	
TECH-0166	en-US	dualsense	CATEGORY_LEAF	TECH.GAMING	1	
TECH-0167	ru-RU	джойстик ps5	CATEGORY_LEAF	TECH.GAMING	1	
TECH-0168	en-US	game console	CATEGORY_LEAF	TECH.GAMING	1	
TECH-0169	en-US	video games	CATEGORY_LEAF	TECH.GAMING	1	
TECH-0170	ru-RU	приставка бу	CATEGORY_LEAF	TECH.GAMING	1	
TECH-0171	ru-RU	nintendo игры	CATEGORY_LEAF	TECH.GAMING	1	
TECH-0172	en-US	xbox game pass	CATEGORY_LEAF	TECH.GAMING	1	
TECH-0173	ru-RU	игровые диски	CATEGORY_LEAF	TECH.GAMING	1	
TECH-0174	ru-RU	планшет	CATEGORY_LEAF	TECH.TABLETS_EBOOKS	1	
TECH-0175	ru-RU	купить планшет	CATEGORY_LEAF	TECH.TABLETS_EBOOKS	1	
TECH-0176	en-US	ipad	CATEGORY_LEAF	TECH.TABLETS_EBOOKS	1	
TECH-0177	en-US	ipad pro	CATEGORY_LEAF	TECH.TABLETS_EBOOKS	1	
TECH-0178	en-US	ipad air	CATEGORY_LEAF	TECH.TABLETS_EBOOKS	1	
TECH-0179	ru-RU	android планшет	CATEGORY_LEAF	TECH.TABLETS_EBOOKS	1	
TECH-0180	ru-RU	планшет samsung	CATEGORY_LEAF	TECH.TABLETS_EBOOKS	1	
TECH-0181	en-US	tablet	CATEGORY_LEAF	TECH.TABLETS_EBOOKS	1	
TECH-0182	ru-RU	электронная книга	CATEGORY_LEAF	TECH.TABLETS_EBOOKS	1	
TECH-0183	ru-RU	ридер	CATEGORY_LEAF	TECH.TABLETS_EBOOKS	1	
TECH-0184	en-US	kindle	CATEGORY_LEAF	TECH.TABLETS_EBOOKS	1	
TECH-0185	en-US	kobo	CATEGORY_LEAF	TECH.TABLETS_EBOOKS	1	
TECH-0186	en-US	onyx boox	CATEGORY_LEAF	TECH.TABLETS_EBOOKS	1	
TECH-0187	en-US	ebook reader	CATEGORY_LEAF	TECH.TABLETS_EBOOKS	1	
TECH-0188	en-US	e-book	CATEGORY_LEAF	TECH.TABLETS_EBOOKS	1	
TECH-0189	ru-RU	планшет бу	CATEGORY_LEAF	TECH.TABLETS_EBOOKS	1	
TECH-0190	ru-RU	планшет б/у	CATEGORY_LEAF	TECH.TABLETS_EBOOKS	1	
TECH-0191	ru-RU	планшет для учебы	CATEGORY_LEAF	TECH.TABLETS_EBOOKS	1	
TECH-0192	ru-RU	планшет 11 дюймов	CATEGORY_LEAF	TECH.TABLETS_EBOOKS	1	
TECH-0193	ru-RU	электронная книга бу	CATEGORY_LEAF	TECH.TABLETS_EBOOKS	1	
TECH-0194	ru-RU	ридер onyx	CATEGORY_LEAF	TECH.TABLETS_EBOOKS	1	
TECH-0195	ru-RU	умный дом	CATEGORY_LEAF	TECH.SMART_HOME	1	
TECH-0196	en-US	smart home	CATEGORY_LEAF	TECH.SMART_HOME	1	
TECH-0197	ru-RU	умная лампочка	CATEGORY_LEAF	TECH.SMART_HOME	1	
TECH-0198	en-US	smart bulb	CATEGORY_LEAF	TECH.SMART_HOME	1	
TECH-0199	ru-RU	умная розетка	CATEGORY_LEAF	TECH.SMART_HOME	1	
TECH-0200	en-US	smart plug	CATEGORY_LEAF	TECH.SMART_HOME	1	
TECH-0201	ru-RU	датчик движения	CATEGORY_LEAF	TECH.SMART_HOME	1	
TECH-0202	en-US	motion sensor	CATEGORY_LEAF	TECH.SMART_HOME	1	
TECH-0203	en-US	zigbee	CATEGORY_LEAF	TECH.SMART_HOME	1	
TECH-0204	en-US	homekit	CATEGORY_LEAF	TECH.SMART_HOME	1	
TECH-0205	en-US	alexa	CATEGORY_LEAF	TECH.SMART_HOME	1	
TECH-0206	en-US	google home	CATEGORY_LEAF	TECH.SMART_HOME	1	
TECH-0207	ru-RU	умная колонка	CATEGORY_LEAF	TECH.SMART_HOME	1	
TECH-0208	en-US	smart speaker	CATEGORY_LEAF	TECH.SMART_HOME	1	
TECH-0209	ru-RU	камера видеонаблюдения wifi	CATEGORY_LEAF	TECH.SMART_HOME	1	
TECH-0210	ru-RU	умная камера	CATEGORY_LEAF	TECH.SMART_HOME	1	
TECH-0211	ru-RU	умный термостат	CATEGORY_LEAF	TECH.SMART_HOME	1	
TECH-0212	en-US	smart thermostat	CATEGORY_LEAF	TECH.SMART_HOME	1	
TECH-0213	ru-RU	робот пылесос	CATEGORY_LEAF	TECH.SMART_HOME	1	
TECH-0214	en-US	smart vacuum	CATEGORY_LEAF	TECH.SMART_HOME	1	
TECH-0215	ru-RU	умные датчики	CATEGORY_LEAF	TECH.SMART_HOME	1	
TECH-0216	ru-RU	электроника	BROWSE_NODE	B.TECH	1	ambiguous/group
TECH-0217	ru-RU	гаджеты	BROWSE_NODE	B.TECH	1	ambiguous/group
TECH-0218	ru-RU	телефоны и аксессуары	BROWSE_NODE	B.TECH.PHONES	1	ambiguous/group
TECH-0219	ru-RU	компьютеры	BROWSE_NODE	B.TECH.COMPUTERS	1	ambiguous/group
TECH-0220	ru-RU	комплектующие	BROWSE_NODE	B.TECH.COMPUTERS	1	ambiguous/group
TECH-0221	ru-RU	тв аудио	BROWSE_NODE	B.TECH.TV_AUDIO_VIDEO	1	ambiguous/group
TECH-0222	ru-RU	фото и видео	BROWSE_NODE	B.TECH.PHOTO	1	ambiguous/group
TECH-0223	ru-RU	игровые товары	BROWSE_NODE	B.TECH.GAMING	1	ambiguous/group
TECH-0224	ru-RU	умный дом гаджеты	BROWSE_NODE	B.TECH.SMART_HOME	1	ambiguous/group
TECH-0225	ru-RU	камера wifi	BROWSE_NODE	B.TECH.SMART_HOME	1	ambiguous/group
TECH-0226	ru-RU	аксессуары	BROWSE_NODE	B.TECH.PHONES	1	ambiguous/group
TECH-0227	ru-RU	наушники iphone	CATEGORY_LEAF	TECH.AUDIO	3	ambiguous wording
TECH-0228	ru-RU	apple tv приставка	CATEGORY_LEAF	TECH.TV_VIDEO	3	ambiguous wording
TECH-0229	ru-RU	смарт часы	BROWSE_NODE	B.TECH	1	ambiguous/group
TECH-0230	ru-RU	умная камера	BROWSE_NODE	B.TECH.SMART_HOME	1	ambiguous/group
TECH-0231	ru-RU	компьютер	BROWSE_NODE	B.TECH.COMPUTERS	1	ambiguous/group
TECH-0232	ru-RU	телевизоры	CATEGORY_LEAF	TECH.TV_VIDEO	3	ambiguous wording
TECH-0233	ru-RU	игры	CATEGORY_LEAF	TECH.GAMING	3	ambiguous wording
TECH-0234	ru-RU	объектив canon	CATEGORY_LEAF	TECH.CAMERAS	3	ambiguous wording
TECH-0235	ru-RU	зарядка для наушников	CATEGORY_LEAF	TECH.PHONE_ACCESSORIES	3	ambiguous wording
TECH-PA-0001	ru-RU	чехол на iphone 13 прозрачный	CATEGORY_LEAF	TECH.PHONE_ACCESSORIES	1	TECH_PHONE_ACCESSORIES_useful_pack_v1_2; type=CASE; surface=default_or_type_surface; compatibility=yes; case compatibility
TECH-PA-0002	ru-RU	magsafe чехол для айфон 15 pro	CATEGORY_LEAF	TECH.PHONE_ACCESSORIES	1	TECH_PHONE_ACCESSORIES_useful_pack_v1_2; type=CASE; surface=default_or_type_surface; compatibility=yes; magsafe case
TECH-PA-0003	ru-RU	противоударный чехол samsung a54	CATEGORY_LEAF	TECH.PHONE_ACCESSORIES	1	TECH_PHONE_ACCESSORIES_useful_pack_v1_2; type=CASE; surface=default_or_type_surface; compatibility=yes; rugged
TECH-PA-0004	ru-RU	защитное стекло iphone 14 pro max 2 шт	CATEGORY_LEAF	TECH.PHONE_ACCESSORIES	1	TECH_PHONE_ACCESSORIES_useful_pack_v1_2; type=SCREEN_PROTECTOR; surface=default_or_type_surface; compatibility=yes; screen glass
TECH-PA-0005	ru-RU	гидрогелевая пленка xiaomi redmi note 12	CATEGORY_LEAF	TECH.PHONE_ACCESSORIES	1	TECH_PHONE_ACCESSORIES_useful_pack_v1_2; type=SCREEN_PROTECTOR; surface=default_or_type_surface; compatibility=yes; film
TECH-PA-0006	ru-RU	стекло на камеру iphone 13	CATEGORY_LEAF	TECH.PHONE_ACCESSORIES	1	TECH_PHONE_ACCESSORIES_useful_pack_v1_2; type=CAMERA_PROTECTOR; surface=default_or_type_surface; compatibility=yes; camera protector
TECH-PA-0007	ru-RU	зарядка type c 20w pd	CATEGORY_LEAF	TECH.PHONE_ACCESSORIES	1	TECH_PHONE_ACCESSORIES_useful_pack_v1_2; type=CHARGER_WALL; surface=default_or_type_surface; compatibility=conditional; charger
TECH-PA-0008	ru-RU	gan зарядка 65w baseus	CATEGORY_LEAF	TECH.PHONE_ACCESSORIES	1	TECH_PHONE_ACCESSORIES_useful_pack_v1_2; type=CHARGER_WALL; surface=default_or_type_surface; compatibility=conditional; gan charger
TECH-PA-0009	ru-RU	автозарядка 30w usb c	CATEGORY_LEAF	TECH.PHONE_ACCESSORIES	1	TECH_PHONE_ACCESSORIES_useful_pack_v1_2; type=CAR_CHARGER; surface=default_or_type_surface; compatibility=conditional; car charger
TECH-PA-0010	ru-RU	беспроводная зарядка magsafe iphone	CATEGORY_LEAF	TECH.PHONE_ACCESSORIES	1	TECH_PHONE_ACCESSORIES_useful_pack_v1_2; type=WIRELESS_CHARGER; surface=default_or_type_surface; compatibility=conditional; wireless
TECH-PA-0011	ru-RU	qi2 магнитная зарядка	CATEGORY_LEAF	TECH.PHONE_ACCESSORIES	1	TECH_PHONE_ACCESSORIES_useful_pack_v1_2; type=WIRELESS_CHARGER; surface=default_or_type_surface; compatibility=conditional; qi2
TECH-PA-0012	ru-RU	павербанк 20000 mah type c pd	CATEGORY_LEAF	TECH.PHONE_ACCESSORIES	1	TECH_PHONE_ACCESSORIES_useful_pack_v1_2; type=POWER_BANK; surface=default_or_type_surface; compatibility=conditional; powerbank
TECH-PA-0013	ru-RU	кабель usb c lightning 1м mfi	CATEGORY_LEAF	TECH.PHONE_ACCESSORIES	1	TECH_PHONE_ACCESSORIES_useful_pack_v1_2; type=CABLE; surface=default_or_type_surface; compatibility=conditional; cable
TECH-PA-0014	ru-RU	кабель type c type c 100w 2 метра	CATEGORY_LEAF	TECH.PHONE_ACCESSORIES	1	TECH_PHONE_ACCESSORIES_useful_pack_v1_2; type=CABLE; surface=default_or_type_surface; compatibility=conditional; cable 100w
TECH-PA-0015	ru-RU	переходник lightning aux	CATEGORY_LEAF	TECH.PHONE_ACCESSORIES	1	TECH_PHONE_ACCESSORIES_useful_pack_v1_2; type=ADAPTER; surface=default_or_type_surface; compatibility=conditional; adapter
TECH-PA-0016	ru-RU	otg переходник usb c	CATEGORY_LEAF	TECH.PHONE_ACCESSORIES	1	TECH_PHONE_ACCESSORIES_useful_pack_v1_2; type=ADAPTER; surface=default_or_type_surface; compatibility=conditional; otg
TECH-PA-0017	ru-RU	держатель телефона в машину магнитный	CATEGORY_LEAF	TECH.PHONE_ACCESSORIES	1	TECH_PHONE_ACCESSORIES_useful_pack_v1_2; type=HOLDER_MOUNT; surface=default_or_type_surface; compatibility=conditional; mount
TECH-PA-0018	ru-RU	попсокет на телефон	CATEGORY_LEAF	TECH.PHONE_ACCESSORIES	1	TECH_PHONE_ACCESSORIES_useful_pack_v1_2; type=GRIP_STAND; surface=default_or_type_surface; compatibility=conditional; grip
TECH-PA-0019	ru-RU	micro sd 128gb class 10 для телефона	CATEGORY_LEAF	TECH.PHONE_ACCESSORIES	1	TECH_PHONE_ACCESSORIES_useful_pack_v1_2; type=MEMORY_CARD; surface=default_or_type_surface; compatibility=conditional; memory
TECH-PA-0020	ru-RU	скрепка для sim карты	CATEGORY_LEAF	TECH.PHONE_ACCESSORIES	1	TECH_PHONE_ACCESSORIES_useful_pack_v1_2; type=SIM_ACCESSORY; surface=default_or_type_surface; compatibility=conditional; sim
TECH-PA-0021	ru-RU	стилус для смартфона активный	CATEGORY_LEAF	TECH.PHONE_ACCESSORIES	1	TECH_PHONE_ACCESSORIES_useful_pack_v1_2; type=STYLUS; surface=default_or_type_surface; compatibility=conditional; stylus
TECH-PA-0022	ru-RU	аквабокс для телефона ipx8	CATEGORY_LEAF	TECH.PHONE_ACCESSORIES	1	TECH_PHONE_ACCESSORIES_useful_pack_v1_2; type=WATERPROOF_POUCH; surface=default_or_type_surface; compatibility=yes; waterproof
TECH-PA-0023	ru-RU	аккумулятор iphone 11	CATEGORY_LEAF	TECH.PHONE_ACCESSORIES	1	TECH_PHONE_ACCESSORIES_useful_pack_v1_2; type=PHONE_REPAIR_PART; surface=default_or_type_surface; compatibility=yes; repair tail
TECH-PA-0024	ru-RU	чехол с magsafe iphone 15 pro	CATEGORY_LEAF	TECH.PHONE_ACCESSORIES	1	TECH_PHONE_ACCESSORIES_useful_pack_v1_2; type=CASE; surface=default_or_type_surface; compatibility=yes; full pack regression
TECH-PA-0025	ru-RU	кожаный чехол книжка samsung s23 ultra	CATEGORY_LEAF	TECH.PHONE_ACCESSORIES	1	TECH_PHONE_ACCESSORIES_useful_pack_v1_2; type=CASE; surface=default_or_type_surface; compatibility=yes; full pack regression
TECH-PA-0026	ru-RU	прозрачный чехол не желтеет iphone 14	CATEGORY_LEAF	TECH.PHONE_ACCESSORIES	1	TECH_PHONE_ACCESSORIES_useful_pack_v1_2; type=CASE; surface=default_or_type_surface; compatibility=yes; full pack regression
TECH-PA-0027	ru-RU	кардхолдер magsafe для iphone	CATEGORY_LEAF	TECH.PHONE_ACCESSORIES	1	TECH_PHONE_ACCESSORIES_useful_pack_v1_2; type=CARD_HOLDER_WALLET; surface=default_or_type_surface; compatibility=conditional; full pack regression
TECH-PA-0028	ru-RU	magsafe кольцо наклейка на чехол	CATEGORY_LEAF	TECH.PHONE_ACCESSORIES	1	TECH_PHONE_ACCESSORIES_useful_pack_v1_2; type=MAGNETIC_PLATE_RING; surface=default_or_type_surface; compatibility=conditional; full pack regression
TECH-PA-0029	ru-RU	стекло с рамкой установки iphone 15	CATEGORY_LEAF	TECH.PHONE_ACCESSORIES	1	TECH_PHONE_ACCESSORIES_useful_pack_v1_2; type=SCREEN_PROTECTOR; surface=default_or_type_surface; compatibility=yes; full pack regression
TECH-PA-0030	ru-RU	антибликовая матовая пленка samsung a54	CATEGORY_LEAF	TECH.PHONE_ACCESSORIES	1	TECH_PHONE_ACCESSORIES_useful_pack_v1_2; type=SCREEN_PROTECTOR; surface=default_or_type_surface; compatibility=yes; full pack regression
TECH-PA-0031	ru-RU	стекло камеры xiaomi 13t	CATEGORY_LEAF	TECH.PHONE_ACCESSORIES	1	TECH_PHONE_ACCESSORIES_useful_pack_v1_2; type=CAMERA_PROTECTOR; surface=default_or_type_surface; compatibility=yes; full pack regression
TECH-PA-0032	ru-RU	зарядка gan 65w 3 порта type c	CATEGORY_LEAF	TECH.PHONE_ACCESSORIES	1	TECH_PHONE_ACCESSORIES_useful_pack_v1_2; type=CHARGER_WALL; surface=default_or_type_surface; compatibility=conditional; full pack regression
TECH-PA-0033	ru-RU	зарядное устройство samsung 45w pps	CATEGORY_LEAF	TECH.PHONE_ACCESSORIES	1	TECH_PHONE_ACCESSORIES_useful_pack_v1_2; type=CHARGER_WALL; surface=default_or_type_surface; compatibility=conditional; full pack regression
TECH-PA-0034	ru-RU	автозарядка 2 порта usb c qc pd	CATEGORY_LEAF	TECH.PHONE_ACCESSORIES	1	TECH_PHONE_ACCESSORIES_useful_pack_v1_2; type=CAR_CHARGER; surface=default_or_type_surface; compatibility=conditional; full pack regression
TECH-PA-0035	ru-RU	qi2 беспроводная зарядка 15w magsafe	CATEGORY_LEAF	TECH.PHONE_ACCESSORIES	1	TECH_PHONE_ACCESSORIES_useful_pack_v1_2; type=WIRELESS_CHARGER; surface=default_or_type_surface; compatibility=conditional; full pack regression
TECH-PA-0036	ru-RU	зарядная станция 3 в 1 iphone watch airpods	CATEGORY_LEAF	TECH.PHONE_ACCESSORIES	1	TECH_PHONE_ACCESSORIES_useful_pack_v1_2; type=WIRELESS_CHARGER; surface=default_or_type_surface; compatibility=conditional; full pack regression
TECH-PA-0037	ru-RU	power bank 10000 magsafe с подставкой	CATEGORY_LEAF	TECH.PHONE_ACCESSORIES	1	TECH_PHONE_ACCESSORIES_useful_pack_v1_2; type=POWER_BANK; surface=default_or_type_surface; compatibility=conditional; full pack regression
TECH-PA-0038	ru-RU	павербанк 20000 mah 65w ноутбук телефон	CATEGORY_LEAF	TECH.PHONE_ACCESSORIES	1	TECH_PHONE_ACCESSORIES_useful_pack_v1_2; type=POWER_BANK; surface=default_or_type_surface; compatibility=conditional; full pack regression
TECH-PA-0039	ru-RU	кабель usb c usb c 240w e marker 2м	CATEGORY_LEAF	TECH.PHONE_ACCESSORIES	1	TECH_PHONE_ACCESSORIES_useful_pack_v1_2; type=CABLE; surface=default_or_type_surface; compatibility=conditional; full pack regression
TECH-PA-0040	ru-RU	магнитный кабель type c	CATEGORY_LEAF	TECH.PHONE_ACCESSORIES	1	TECH_PHONE_ACCESSORIES_useful_pack_v1_2; type=CABLE; surface=default_or_type_surface; compatibility=conditional; full pack regression
TECH-PA-0041	ru-RU	угловой кабель lightning 1 метр	CATEGORY_LEAF	TECH.PHONE_ACCESSORIES	1	TECH_PHONE_ACCESSORIES_useful_pack_v1_2; type=CABLE; surface=default_or_type_surface; compatibility=conditional; full pack regression
TECH-PA-0042	ru-RU	переходник type c hdmi с зарядкой	CATEGORY_LEAF	TECH.PHONE_ACCESSORIES	1	TECH_PHONE_ACCESSORIES_useful_pack_v1_2; type=ADAPTER; surface=default_or_type_surface; compatibility=conditional; full pack regression
TECH-PA-0043	ru-RU	usb c hub для телефона hdmi ethernet	CATEGORY_LEAF	TECH.PHONE_ACCESSORIES	1	TECH_PHONE_ACCESSORIES_useful_pack_v1_2; type=HUB_DOCK; surface=default_or_type_surface; compatibility=conditional; full pack regression
TECH-PA-0044	ru-RU	магнитный держатель в дефлектор	CATEGORY_LEAF	TECH.PHONE_ACCESSORIES	1	TECH_PHONE_ACCESSORIES_useful_pack_v1_2; type=HOLDER_MOUNT; surface=default_or_type_surface; compatibility=conditional; full pack regression
TECH-PA-0045	ru-RU	держатель на велосипед для телефона	CATEGORY_LEAF	TECH.PHONE_ACCESSORIES	1	TECH_PHONE_ACCESSORIES_useful_pack_v1_2; type=BICYCLE_MOTORCYCLE_MOUNT; surface=default_or_type_surface; compatibility=yes; full pack regression
TECH-PA-0046	ru-RU	настольная подставка для телефона алюминиевая	CATEGORY_LEAF	TECH.PHONE_ACCESSORIES	1	TECH_PHONE_ACCESSORIES_useful_pack_v1_2; type=DESK_STAND; surface=default_or_type_surface; compatibility=conditional; full pack regression
TECH-PA-0047	ru-RU	селфи палка с bluetooth кнопкой	CATEGORY_LEAF	TECH.PHONE_ACCESSORIES	1	TECH_PHONE_ACCESSORIES_useful_pack_v1_2; type=SELFIE_STICK_TRIPOD; surface=default_or_type_surface; compatibility=conditional; full pack regression
TECH-PA-0048	ru-RU	кольцевая лампа для телефона 26 см	CATEGORY_LEAF	TECH.PHONE_ACCESSORIES	1	TECH_PHONE_ACCESSORIES_useful_pack_v1_2; type=RING_LIGHT; surface=default_or_type_surface; compatibility=conditional; full pack regression
TECH-PA-0049	ru-RU	геймпад для телефона bluetooth	CATEGORY_LEAF	TECH.PHONE_ACCESSORIES	1	TECH_PHONE_ACCESSORIES_useful_pack_v1_2; type=MOBILE_GAME_CONTROLLER; surface=default_or_type_surface; compatibility=conditional; full pack regression
TECH-PA-0050	ru-RU	триггеры pubg для телефона	CATEGORY_LEAF	TECH.PHONE_ACCESSORIES	1	TECH_PHONE_ACCESSORIES_useful_pack_v1_2; type=GAME_TRIGGER; surface=default_or_type_surface; compatibility=conditional; full pack regression
TECH-PA-0051	ru-RU	кулер для телефона peltier	CATEGORY_LEAF	TECH.PHONE_ACCESSORIES	1	TECH_PHONE_ACCESSORIES_useful_pack_v1_2; type=PHONE_COOLER; surface=default_or_type_surface; compatibility=conditional; full pack regression
TECH-PA-0052	ru-RU	micro sd 256gb v30 a2	CATEGORY_LEAF	TECH.PHONE_ACCESSORIES	1	TECH_PHONE_ACCESSORIES_useful_pack_v1_2; type=MEMORY_CARD; surface=default_or_type_surface; compatibility=conditional; full pack regression
TECH-PA-0053	ru-RU	флешка type c lightning 128gb	CATEGORY_LEAF	TECH.PHONE_ACCESSORIES	1	TECH_PHONE_ACCESSORIES_useful_pack_v1_2; type=USB_FLASH_DRIVE_PHONE; surface=default_or_type_surface; compatibility=conditional; full pack regression
TECH-PA-0054	ru-RU	лоток sim iphone 11	CATEGORY_LEAF	TECH.PHONE_ACCESSORIES	1	TECH_PHONE_ACCESSORIES_useful_pack_v1_2; type=SIM_ACCESSORY; surface=default_or_type_surface; compatibility=conditional; full pack regression
TECH-PA-0055	ru-RU	активный стилус для телефона	CATEGORY_LEAF	TECH.PHONE_ACCESSORIES	1	TECH_PHONE_ACCESSORIES_useful_pack_v1_2; type=STYLUS; surface=default_or_type_surface; compatibility=conditional; full pack regression
TECH-PA-0056	ru-RU	водонепроницаемый чехол ipx8 large	CATEGORY_LEAF	TECH.PHONE_ACCESSORIES	1	TECH_PHONE_ACCESSORIES_useful_pack_v1_2; type=WATERPROOF_POUCH; surface=default_or_type_surface; compatibility=yes; full pack regression
TECH-PA-0057	ru-RU	спортивный чехол на руку для телефона	CATEGORY_LEAF	TECH.PHONE_ACCESSORIES	1	TECH_PHONE_ACCESSORIES_useful_pack_v1_2; type=PHONE_ARMBAND; surface=default_or_type_surface; compatibility=yes; full pack regression
TECH-PA-0058	ru-RU	скин карбон на iphone 13	CATEGORY_LEAF	TECH.PHONE_ACCESSORIES	1	TECH_PHONE_ACCESSORIES_useful_pack_v1_2; type=PHONE_SKIN_DECAL; surface=default_or_type_surface; compatibility=yes; full pack regression
TECH-PA-0059	ru-RU	заглушка type c от пыли	CATEGORY_LEAF	TECH.PHONE_ACCESSORIES	1	TECH_PHONE_ACCESSORIES_useful_pack_v1_2; type=ANTI_DUST_PLUG; surface=default_or_type_surface; compatibility=conditional; full pack regression
TECH-PA-0060	ru-RU	аккумулятор iphone 12 original	CATEGORY_LEAF	TECH.PHONE_ACCESSORIES	1	TECH_PHONE_ACCESSORIES_useful_pack_v1_2; type=PHONE_REPAIR_PART; surface=default_or_type_surface; compatibility=yes; full pack regression
TECH-PA-0061	ru-RU	дисплей samsung a52 oled	CATEGORY_LEAF	TECH.PHONE_ACCESSORIES	1	TECH_PHONE_ACCESSORIES_useful_pack_v1_2; type=PHONE_REPAIR_PART; surface=default_or_type_surface; compatibility=yes; full pack regression
TECH-PA-0062	ru-RU	клей b7000 для телефона	CATEGORY_LEAF	TECH.PHONE_ACCESSORIES	1	TECH_PHONE_ACCESSORIES_useful_pack_v1_2; type=REPAIR_CONSUMABLE; surface=default_or_type_surface; compatibility=conditional; full pack regression
TECH-PA-0063	ru-RU	набор отверток для iphone	CATEGORY_LEAF	TECH.PHONE_ACCESSORIES	1	TECH_PHONE_ACCESSORIES_useful_pack_v1_2; type=REPAIR_TOOL_KIT; surface=default_or_type_surface; compatibility=conditional; full pack regression
TECH-PA-0064	ru-RU	клей для дисплея iphone	CATEGORY_LEAF	TECH.PHONE_ACCESSORIES	1	TECH_PHONE_ACCESSORIES_useful_pack_v1_2; type=REPAIR_CONSUMABLE; surface=search_first_tail; compatibility=yes; repair tail, compatibility candidate to TECH.PHONES
TECH-PA-0065	ru-RU	зарядка type c 65w	CATEGORY_LEAF	TECH.PHONE_ACCESSORIES	1	TECH_PHONE_ACCESSORIES_useful_pack_v1_2; type=CHARGER_WALL; surface=head_type; compatibility=no; universal charger, do not ask phone model
TECH-PA-0066	ru-RU	чехол книжка с карманами samsung a54	CATEGORY_LEAF	TECH.PHONE_ACCESSORIES	1	TECH_PHONE_ACCESSORIES_useful_pack_v1_2; type=CASE; surface=head_type; compatibility=yes; critical compatibility with compact form
