query	expected_category_code	expected_phone_type	expected_attributes_json	should_route	notes
iPhone 17 Pro	TECH.PHONES	SMARTPHONE	"{""brand"":""APPLE"",""model_name_text"":""iPhone 17 Pro""}"	true	
iPhone 17 Pro 128 гб	TECH.PHONES	SMARTPHONE	"{""brand"":""APPLE"",""model_name_text"":""iPhone 17 Pro"",""storage_capacity_gb"":128}"	true	
iPhone 17 Pro Max	TECH.PHONES	SMARTPHONE	"{""brand"":""APPLE"",""model_name_text"":""iPhone 17 Pro Max""}"	true	
iPhone 17 Pro Max 128 гб	TECH.PHONES	SMARTPHONE	"{""brand"":""APPLE"",""model_name_text"":""iPhone 17 Pro Max"",""storage_capacity_gb"":128}"	true	
iPhone Air	TECH.PHONES	SMARTPHONE	"{""brand"":""APPLE"",""model_name_text"":""iPhone Air""}"	true	
iPhone Air 128 гб	TECH.PHONES	SMARTPHONE	"{""brand"":""APPLE"",""model_name_text"":""iPhone Air"",""storage_capacity_gb"":128}"	true	
iPhone 17	TECH.PHONES	SMARTPHONE	"{""brand"":""APPLE"",""model_name_text"":""iPhone 17""}"	true	
iPhone 17 128 гб	TECH.PHONES	SMARTPHONE	"{""brand"":""APPLE"",""model_name_text"":""iPhone 17"",""storage_capacity_gb"":128}"	true	
iPhone 17e	TECH.PHONES	SMARTPHONE	"{""brand"":""APPLE"",""model_name_text"":""iPhone 17e""}"	true	
iPhone 17e 128 гб	TECH.PHONES	SMARTPHONE	"{""brand"":""APPLE"",""model_name_text"":""iPhone 17e"",""storage_capacity_gb"":128}"	true	
iPhone 16 Pro	TECH.PHONES	SMARTPHONE	"{""brand"":""APPLE"",""model_name_text"":""iPhone 16 Pro""}"	true	
iPhone 16 Pro 128 гб	TECH.PHONES	SMARTPHONE	"{""brand"":""APPLE"",""model_name_text"":""iPhone 16 Pro"",""storage_capacity_gb"":128}"	true	
iPhone 16 Pro Max	TECH.PHONES	SMARTPHONE	"{""brand"":""APPLE"",""model_name_text"":""iPhone 16 Pro Max""}"	true	
iPhone 16 Pro Max 128 гб	TECH.PHONES	SMARTPHONE	"{""brand"":""APPLE"",""model_name_text"":""iPhone 16 Pro Max"",""storage_capacity_gb"":128}"	true	
iPhone 16 Plus	TECH.PHONES	SMARTPHONE	"{""brand"":""APPLE"",""model_name_text"":""iPhone 16 Plus""}"	true	
iPhone 16 Plus 128 гб	TECH.PHONES	SMARTPHONE	"{""brand"":""APPLE"",""model_name_text"":""iPhone 16 Plus"",""storage_capacity_gb"":128}"	true	
iPhone 16	TECH.PHONES	SMARTPHONE	"{""brand"":""APPLE"",""model_name_text"":""iPhone 16""}"	true	
iPhone 16 128 гб	TECH.PHONES	SMARTPHONE	"{""brand"":""APPLE"",""model_name_text"":""iPhone 16"",""storage_capacity_gb"":128}"	true	
iPhone 16e	TECH.PHONES	SMARTPHONE	"{""brand"":""APPLE"",""model_name_text"":""iPhone 16e""}"	true	
iPhone 16e 128 гб	TECH.PHONES	SMARTPHONE	"{""brand"":""APPLE"",""model_name_text"":""iPhone 16e"",""storage_capacity_gb"":128}"	true	
iPhone 15 Pro	TECH.PHONES	SMARTPHONE	"{""brand"":""APPLE"",""model_name_text"":""iPhone 15 Pro""}"	true	
iPhone 15 Pro 128 гб	TECH.PHONES	SMARTPHONE	"{""brand"":""APPLE"",""model_name_text"":""iPhone 15 Pro"",""storage_capacity_gb"":128}"	true	
iPhone 15 Pro Max	TECH.PHONES	SMARTPHONE	"{""brand"":""APPLE"",""model_name_text"":""iPhone 15 Pro Max""}"	true	
iPhone 15 Pro Max 128 гб	TECH.PHONES	SMARTPHONE	"{""brand"":""APPLE"",""model_name_text"":""iPhone 15 Pro Max"",""storage_capacity_gb"":128}"	true	
iPhone 15 Plus	TECH.PHONES	SMARTPHONE	"{""brand"":""APPLE"",""model_name_text"":""iPhone 15 Plus""}"	true	
iPhone 15 Plus 128 гб	TECH.PHONES	SMARTPHONE	"{""brand"":""APPLE"",""model_name_text"":""iPhone 15 Plus"",""storage_capacity_gb"":128}"	true	
iPhone 15	TECH.PHONES	SMARTPHONE	"{""brand"":""APPLE"",""model_name_text"":""iPhone 15""}"	true	
iPhone 15 128 гб	TECH.PHONES	SMARTPHONE	"{""brand"":""APPLE"",""model_name_text"":""iPhone 15"",""storage_capacity_gb"":128}"	true	
iPhone 14 Pro	TECH.PHONES	SMARTPHONE	"{""brand"":""APPLE"",""model_name_text"":""iPhone 14 Pro""}"	true	
iPhone 14 Pro 128 гб	TECH.PHONES	SMARTPHONE	"{""brand"":""APPLE"",""model_name_text"":""iPhone 14 Pro"",""storage_capacity_gb"":128}"	true	
iPhone 14 Pro Max	TECH.PHONES	SMARTPHONE	"{""brand"":""APPLE"",""model_name_text"":""iPhone 14 Pro Max""}"	true	
iPhone 14 Pro Max 128 гб	TECH.PHONES	SMARTPHONE	"{""brand"":""APPLE"",""model_name_text"":""iPhone 14 Pro Max"",""storage_capacity_gb"":128}"	true	
iPhone 14 Plus	TECH.PHONES	SMARTPHONE	"{""brand"":""APPLE"",""model_name_text"":""iPhone 14 Plus""}"	true	
iPhone 14 Plus 128 гб	TECH.PHONES	SMARTPHONE	"{""brand"":""APPLE"",""model_name_text"":""iPhone 14 Plus"",""storage_capacity_gb"":128}"	true	
iPhone 14	TECH.PHONES	SMARTPHONE	"{""brand"":""APPLE"",""model_name_text"":""iPhone 14""}"	true	
iPhone 14 128 гб	TECH.PHONES	SMARTPHONE	"{""brand"":""APPLE"",""model_name_text"":""iPhone 14"",""storage_capacity_gb"":128}"	true	
iPhone 13 Pro	TECH.PHONES	SMARTPHONE	"{""brand"":""APPLE"",""model_name_text"":""iPhone 13 Pro""}"	true	
iPhone 13 Pro 128 гб	TECH.PHONES	SMARTPHONE	"{""brand"":""APPLE"",""model_name_text"":""iPhone 13 Pro"",""storage_capacity_gb"":128}"	true	
iPhone 13 Pro Max	TECH.PHONES	SMARTPHONE	"{""brand"":""APPLE"",""model_name_text"":""iPhone 13 Pro Max""}"	true	
iPhone 13 Pro Max 128 гб	TECH.PHONES	SMARTPHONE	"{""brand"":""APPLE"",""model_name_text"":""iPhone 13 Pro Max"",""storage_capacity_gb"":128}"	true	
iPhone 13 mini	TECH.PHONES	SMARTPHONE	"{""brand"":""APPLE"",""model_name_text"":""iPhone 13 mini""}"	true	
iPhone 13 mini 128 гб	TECH.PHONES	SMARTPHONE	"{""brand"":""APPLE"",""model_name_text"":""iPhone 13 mini"",""storage_capacity_gb"":128}"	true	
iPhone 13	TECH.PHONES	SMARTPHONE	"{""brand"":""APPLE"",""model_name_text"":""iPhone 13""}"	true	
iPhone 13 128 гб	TECH.PHONES	SMARTPHONE	"{""brand"":""APPLE"",""model_name_text"":""iPhone 13"",""storage_capacity_gb"":128}"	true	
iPhone SE (3rd generation)	TECH.PHONES	SMARTPHONE	"{""brand"":""APPLE"",""model_name_text"":""iPhone SE (3rd generation)""}"	true	
iPhone SE (3rd generation) 128 гб	TECH.PHONES	SMARTPHONE	"{""brand"":""APPLE"",""model_name_text"":""iPhone SE (3rd generation)"",""storage_capacity_gb"":128}"	true	
iPhone 12 Pro	TECH.PHONES	SMARTPHONE	"{""brand"":""APPLE"",""model_name_text"":""iPhone 12 Pro""}"	true	
iPhone 12 Pro 128 гб	TECH.PHONES	SMARTPHONE	"{""brand"":""APPLE"",""model_name_text"":""iPhone 12 Pro"",""storage_capacity_gb"":128}"	true	
iPhone 12 Pro Max	TECH.PHONES	SMARTPHONE	"{""brand"":""APPLE"",""model_name_text"":""iPhone 12 Pro Max""}"	true	
iPhone 12 Pro Max 128 гб	TECH.PHONES	SMARTPHONE	"{""brand"":""APPLE"",""model_name_text"":""iPhone 12 Pro Max"",""storage_capacity_gb"":128}"	true	
iPhone 12 mini	TECH.PHONES	SMARTPHONE	"{""brand"":""APPLE"",""model_name_text"":""iPhone 12 mini""}"	true	
iPhone 12 mini 128 гб	TECH.PHONES	SMARTPHONE	"{""brand"":""APPLE"",""model_name_text"":""iPhone 12 mini"",""storage_capacity_gb"":128}"	true	
iPhone 12	TECH.PHONES	SMARTPHONE	"{""brand"":""APPLE"",""model_name_text"":""iPhone 12""}"	true	
iPhone 12 128 гб	TECH.PHONES	SMARTPHONE	"{""brand"":""APPLE"",""model_name_text"":""iPhone 12"",""storage_capacity_gb"":128}"	true	
iPhone 11 Pro	TECH.PHONES	SMARTPHONE	"{""brand"":""APPLE"",""model_name_text"":""iPhone 11 Pro""}"	true	
iPhone 11 Pro 128 гб	TECH.PHONES	SMARTPHONE	"{""brand"":""APPLE"",""model_name_text"":""iPhone 11 Pro"",""storage_capacity_gb"":128}"	true	
iPhone 11 Pro Max	TECH.PHONES	SMARTPHONE	"{""brand"":""APPLE"",""model_name_text"":""iPhone 11 Pro Max""}"	true	
iPhone 11 Pro Max 128 гб	TECH.PHONES	SMARTPHONE	"{""brand"":""APPLE"",""model_name_text"":""iPhone 11 Pro Max"",""storage_capacity_gb"":128}"	true	
iPhone 11	TECH.PHONES	SMARTPHONE	"{""brand"":""APPLE"",""model_name_text"":""iPhone 11""}"	true	
iPhone 11 128 гб	TECH.PHONES	SMARTPHONE	"{""brand"":""APPLE"",""model_name_text"":""iPhone 11"",""storage_capacity_gb"":128}"	true	
iPhone SE (2nd generation)	TECH.PHONES	SMARTPHONE	"{""brand"":""APPLE"",""model_name_text"":""iPhone SE (2nd generation)""}"	true	
iPhone SE (2nd generation) 128 гб	TECH.PHONES	SMARTPHONE	"{""brand"":""APPLE"",""model_name_text"":""iPhone SE (2nd generation)"",""storage_capacity_gb"":128}"	true	
iPhone XS	TECH.PHONES	SMARTPHONE	"{""brand"":""APPLE"",""model_name_text"":""iPhone XS""}"	true	
iPhone XS 128 гб	TECH.PHONES	SMARTPHONE	"{""brand"":""APPLE"",""model_name_text"":""iPhone XS"",""storage_capacity_gb"":128}"	true	
iPhone XS Max	TECH.PHONES	SMARTPHONE	"{""brand"":""APPLE"",""model_name_text"":""iPhone XS Max""}"	true	
iPhone XS Max 128 гб	TECH.PHONES	SMARTPHONE	"{""brand"":""APPLE"",""model_name_text"":""iPhone XS Max"",""storage_capacity_gb"":128}"	true	
iPhone XR	TECH.PHONES	SMARTPHONE	"{""brand"":""APPLE"",""model_name_text"":""iPhone XR""}"	true	
iPhone XR 128 гб	TECH.PHONES	SMARTPHONE	"{""brand"":""APPLE"",""model_name_text"":""iPhone XR"",""storage_capacity_gb"":128}"	true	
iPhone X	TECH.PHONES	SMARTPHONE	"{""brand"":""APPLE"",""model_name_text"":""iPhone X""}"	true	
iPhone X 128 гб	TECH.PHONES	SMARTPHONE	"{""brand"":""APPLE"",""model_name_text"":""iPhone X"",""storage_capacity_gb"":128}"	true	
iPhone 8 Plus	TECH.PHONES	SMARTPHONE	"{""brand"":""APPLE"",""model_name_text"":""iPhone 8 Plus""}"	true	
iPhone 8 Plus 128 гб	TECH.PHONES	SMARTPHONE	"{""brand"":""APPLE"",""model_name_text"":""iPhone 8 Plus"",""storage_capacity_gb"":128}"	true	
iPhone 8	TECH.PHONES	SMARTPHONE	"{""brand"":""APPLE"",""model_name_text"":""iPhone 8""}"	true	
iPhone 8 128 гб	TECH.PHONES	SMARTPHONE	"{""brand"":""APPLE"",""model_name_text"":""iPhone 8"",""storage_capacity_gb"":128}"	true	
iPhone 7 Plus	TECH.PHONES	SMARTPHONE	"{""brand"":""APPLE"",""model_name_text"":""iPhone 7 Plus""}"	true	
iPhone 7 Plus 128 гб	TECH.PHONES	SMARTPHONE	"{""brand"":""APPLE"",""model_name_text"":""iPhone 7 Plus"",""storage_capacity_gb"":128}"	true	
iPhone 7	TECH.PHONES	SMARTPHONE	"{""brand"":""APPLE"",""model_name_text"":""iPhone 7""}"	true	
iPhone 7 128 гб	TECH.PHONES	SMARTPHONE	"{""brand"":""APPLE"",""model_name_text"":""iPhone 7"",""storage_capacity_gb"":128}"	true	
Galaxy S26	TECH.PHONES	SMARTPHONE	"{""brand"":""SAMSUNG"",""model_name_text"":""Galaxy S26""}"	true	
Galaxy S26 128 гб	TECH.PHONES	SMARTPHONE	"{""brand"":""SAMSUNG"",""model_name_text"":""Galaxy S26"",""storage_capacity_gb"":128}"	true	
Galaxy S26+	TECH.PHONES	SMARTPHONE	"{""brand"":""SAMSUNG"",""model_name_text"":""Galaxy S26+""}"	true	
Galaxy S26+ 128 гб	TECH.PHONES	SMARTPHONE	"{""brand"":""SAMSUNG"",""model_name_text"":""Galaxy S26+"",""storage_capacity_gb"":128}"	true	
Galaxy S26 Ultra	TECH.PHONES	SMARTPHONE	"{""brand"":""SAMSUNG"",""model_name_text"":""Galaxy S26 Ultra""}"	true	
Galaxy S26 Ultra 128 гб	TECH.PHONES	SMARTPHONE	"{""brand"":""SAMSUNG"",""model_name_text"":""Galaxy S26 Ultra"",""storage_capacity_gb"":128}"	true	
Galaxy S25	TECH.PHONES	SMARTPHONE	"{""brand"":""SAMSUNG"",""model_name_text"":""Galaxy S25""}"	true	
Galaxy S25 128 гб	TECH.PHONES	SMARTPHONE	"{""brand"":""SAMSUNG"",""model_name_text"":""Galaxy S25"",""storage_capacity_gb"":128}"	true	
Galaxy S25+	TECH.PHONES	SMARTPHONE	"{""brand"":""SAMSUNG"",""model_name_text"":""Galaxy S25+""}"	true	
Galaxy S25+ 128 гб	TECH.PHONES	SMARTPHONE	"{""brand"":""SAMSUNG"",""model_name_text"":""Galaxy S25+"",""storage_capacity_gb"":128}"	true	
Galaxy S25 Ultra	TECH.PHONES	SMARTPHONE	"{""brand"":""SAMSUNG"",""model_name_text"":""Galaxy S25 Ultra""}"	true	
Galaxy S25 Ultra 128 гб	TECH.PHONES	SMARTPHONE	"{""brand"":""SAMSUNG"",""model_name_text"":""Galaxy S25 Ultra"",""storage_capacity_gb"":128}"	true	
Galaxy S24	TECH.PHONES	SMARTPHONE	"{""brand"":""SAMSUNG"",""model_name_text"":""Galaxy S24""}"	true	
Galaxy S24 128 гб	TECH.PHONES	SMARTPHONE	"{""brand"":""SAMSUNG"",""model_name_text"":""Galaxy S24"",""storage_capacity_gb"":128}"	true	
Galaxy S24+	TECH.PHONES	SMARTPHONE	"{""brand"":""SAMSUNG"",""model_name_text"":""Galaxy S24+""}"	true	
Galaxy S24+ 128 гб	TECH.PHONES	SMARTPHONE	"{""brand"":""SAMSUNG"",""model_name_text"":""Galaxy S24+"",""storage_capacity_gb"":128}"	true	
Galaxy S24 Ultra	TECH.PHONES	SMARTPHONE	"{""brand"":""SAMSUNG"",""model_name_text"":""Galaxy S24 Ultra""}"	true	
Galaxy S24 Ultra 128 гб	TECH.PHONES	SMARTPHONE	"{""brand"":""SAMSUNG"",""model_name_text"":""Galaxy S24 Ultra"",""storage_capacity_gb"":128}"	true	
Galaxy S24 FE	TECH.PHONES	SMARTPHONE	"{""brand"":""SAMSUNG"",""model_name_text"":""Galaxy S24 FE""}"	true	
Galaxy S24 FE 128 гб	TECH.PHONES	SMARTPHONE	"{""brand"":""SAMSUNG"",""model_name_text"":""Galaxy S24 FE"",""storage_capacity_gb"":128}"	true	
Galaxy S23	TECH.PHONES	SMARTPHONE	"{""brand"":""SAMSUNG"",""model_name_text"":""Galaxy S23""}"	true	
Galaxy S23 128 гб	TECH.PHONES	SMARTPHONE	"{""brand"":""SAMSUNG"",""model_name_text"":""Galaxy S23"",""storage_capacity_gb"":128}"	true	
Galaxy S23+	TECH.PHONES	SMARTPHONE	"{""brand"":""SAMSUNG"",""model_name_text"":""Galaxy S23+""}"	true	
Galaxy S23+ 128 гб	TECH.PHONES	SMARTPHONE	"{""brand"":""SAMSUNG"",""model_name_text"":""Galaxy S23+"",""storage_capacity_gb"":128}"	true	
Galaxy S23 Ultra	TECH.PHONES	SMARTPHONE	"{""brand"":""SAMSUNG"",""model_name_text"":""Galaxy S23 Ultra""}"	true	
Galaxy S23 Ultra 128 гб	TECH.PHONES	SMARTPHONE	"{""brand"":""SAMSUNG"",""model_name_text"":""Galaxy S23 Ultra"",""storage_capacity_gb"":128}"	true	
Galaxy S23 FE	TECH.PHONES	SMARTPHONE	"{""brand"":""SAMSUNG"",""model_name_text"":""Galaxy S23 FE""}"	true	
Galaxy S23 FE 128 гб	TECH.PHONES	SMARTPHONE	"{""brand"":""SAMSUNG"",""model_name_text"":""Galaxy S23 FE"",""storage_capacity_gb"":128}"	true	
Galaxy Z Fold7	TECH.PHONES	FOLDABLE_PHONE	"{""brand"":""SAMSUNG"",""model_name_text"":""Galaxy Z Fold7""}"	true	
Galaxy Z Flip7	TECH.PHONES	FOLDABLE_PHONE	"{""brand"":""SAMSUNG"",""model_name_text"":""Galaxy Z Flip7""}"	true	
Galaxy Z Fold6	TECH.PHONES	FOLDABLE_PHONE	"{""brand"":""SAMSUNG"",""model_name_text"":""Galaxy Z Fold6""}"	true	
Galaxy Z Flip6	TECH.PHONES	FOLDABLE_PHONE	"{""brand"":""SAMSUNG"",""model_name_text"":""Galaxy Z Flip6""}"	true	
Galaxy Z Fold5	TECH.PHONES	FOLDABLE_PHONE	"{""brand"":""SAMSUNG"",""model_name_text"":""Galaxy Z Fold5""}"	true	
Galaxy Z Flip5	TECH.PHONES	FOLDABLE_PHONE	"{""brand"":""SAMSUNG"",""model_name_text"":""Galaxy Z Flip5""}"	true	
Galaxy A56	TECH.PHONES	SMARTPHONE	"{""brand"":""SAMSUNG"",""model_name_text"":""Galaxy A56""}"	true	
Galaxy A56 128 гб	TECH.PHONES	SMARTPHONE	"{""brand"":""SAMSUNG"",""model_name_text"":""Galaxy A56"",""storage_capacity_gb"":128}"	true	
Galaxy A55	TECH.PHONES	SMARTPHONE	"{""brand"":""SAMSUNG"",""model_name_text"":""Galaxy A55""}"	true	
Galaxy A55 128 гб	TECH.PHONES	SMARTPHONE	"{""brand"":""SAMSUNG"",""model_name_text"":""Galaxy A55"",""storage_capacity_gb"":128}"	true	
Galaxy A36	TECH.PHONES	SMARTPHONE	"{""brand"":""SAMSUNG"",""model_name_text"":""Galaxy A36""}"	true	
Galaxy A36 128 гб	TECH.PHONES	SMARTPHONE	"{""brand"":""SAMSUNG"",""model_name_text"":""Galaxy A36"",""storage_capacity_gb"":128}"	true	
Galaxy A35	TECH.PHONES	SMARTPHONE	"{""brand"":""SAMSUNG"",""model_name_text"":""Galaxy A35""}"	true	
Galaxy A35 128 гб	TECH.PHONES	SMARTPHONE	"{""brand"":""SAMSUNG"",""model_name_text"":""Galaxy A35"",""storage_capacity_gb"":128}"	true	
Galaxy A26	TECH.PHONES	SMARTPHONE	"{""brand"":""SAMSUNG"",""model_name_text"":""Galaxy A26""}"	true	
Galaxy A26 128 гб	TECH.PHONES	SMARTPHONE	"{""brand"":""SAMSUNG"",""model_name_text"":""Galaxy A26"",""storage_capacity_gb"":128}"	true	
Galaxy A25	TECH.PHONES	SMARTPHONE	"{""brand"":""SAMSUNG"",""model_name_text"":""Galaxy A25""}"	true	
Galaxy A25 128 гб	TECH.PHONES	SMARTPHONE	"{""brand"":""SAMSUNG"",""model_name_text"":""Galaxy A25"",""storage_capacity_gb"":128}"	true	
Galaxy A16	TECH.PHONES	SMARTPHONE	"{""brand"":""SAMSUNG"",""model_name_text"":""Galaxy A16""}"	true	
Galaxy A16 128 гб	TECH.PHONES	SMARTPHONE	"{""brand"":""SAMSUNG"",""model_name_text"":""Galaxy A16"",""storage_capacity_gb"":128}"	true	
Galaxy XCover7	TECH.PHONES	RUGGED_PHONE	"{""brand"":""SAMSUNG"",""model_name_text"":""Galaxy XCover7""}"	true	
Pixel 10 Pro XL	TECH.PHONES	SMARTPHONE	"{""brand"":""GOOGLE"",""model_name_text"":""Pixel 10 Pro XL""}"	true	
Pixel 10 Pro XL 128 гб	TECH.PHONES	SMARTPHONE	"{""brand"":""GOOGLE"",""model_name_text"":""Pixel 10 Pro XL"",""storage_capacity_gb"":128}"	true	
Pixel 10 Pro	TECH.PHONES	SMARTPHONE	"{""brand"":""GOOGLE"",""model_name_text"":""Pixel 10 Pro""}"	true	
Pixel 10 Pro 128 гб	TECH.PHONES	SMARTPHONE	"{""brand"":""GOOGLE"",""model_name_text"":""Pixel 10 Pro"",""storage_capacity_gb"":128}"	true	
Pixel 10 Pro Fold	TECH.PHONES	FOLDABLE_PHONE	"{""brand"":""GOOGLE"",""model_name_text"":""Pixel 10 Pro Fold""}"	true	
Pixel 10	TECH.PHONES	SMARTPHONE	"{""brand"":""GOOGLE"",""model_name_text"":""Pixel 10""}"	true	
Pixel 10 128 гб	TECH.PHONES	SMARTPHONE	"{""brand"":""GOOGLE"",""model_name_text"":""Pixel 10"",""storage_capacity_gb"":128}"	true	
Pixel 10a	TECH.PHONES	SMARTPHONE	"{""brand"":""GOOGLE"",""model_name_text"":""Pixel 10a""}"	true	
Pixel 10a 128 гб	TECH.PHONES	SMARTPHONE	"{""brand"":""GOOGLE"",""model_name_text"":""Pixel 10a"",""storage_capacity_gb"":128}"	true	
Pixel 9 Pro XL	TECH.PHONES	SMARTPHONE	"{""brand"":""GOOGLE"",""model_name_text"":""Pixel 9 Pro XL""}"	true	
Pixel 9 Pro XL 128 гб	TECH.PHONES	SMARTPHONE	"{""brand"":""GOOGLE"",""model_name_text"":""Pixel 9 Pro XL"",""storage_capacity_gb"":128}"	true	
Pixel 9 Pro	TECH.PHONES	SMARTPHONE	"{""brand"":""GOOGLE"",""model_name_text"":""Pixel 9 Pro""}"	true	
Pixel 9 Pro 128 гб	TECH.PHONES	SMARTPHONE	"{""brand"":""GOOGLE"",""model_name_text"":""Pixel 9 Pro"",""storage_capacity_gb"":128}"	true	
Pixel 9 Pro Fold	TECH.PHONES	FOLDABLE_PHONE	"{""brand"":""GOOGLE"",""model_name_text"":""Pixel 9 Pro Fold""}"	true	
Pixel 9	TECH.PHONES	SMARTPHONE	"{""brand"":""GOOGLE"",""model_name_text"":""Pixel 9""}"	true	
Pixel 9 128 гб	TECH.PHONES	SMARTPHONE	"{""brand"":""GOOGLE"",""model_name_text"":""Pixel 9"",""storage_capacity_gb"":128}"	true	
Pixel 9a	TECH.PHONES	SMARTPHONE	"{""brand"":""GOOGLE"",""model_name_text"":""Pixel 9a""}"	true	
Pixel 9a 128 гб	TECH.PHONES	SMARTPHONE	"{""brand"":""GOOGLE"",""model_name_text"":""Pixel 9a"",""storage_capacity_gb"":128}"	true	
Pixel 8 Pro	TECH.PHONES	SMARTPHONE	"{""brand"":""GOOGLE"",""model_name_text"":""Pixel 8 Pro""}"	true	
Pixel 8 Pro 128 гб	TECH.PHONES	SMARTPHONE	"{""brand"":""GOOGLE"",""model_name_text"":""Pixel 8 Pro"",""storage_capacity_gb"":128}"	true	
Pixel 8	TECH.PHONES	SMARTPHONE	"{""brand"":""GOOGLE"",""model_name_text"":""Pixel 8""}"	true	
Pixel 8 128 гб	TECH.PHONES	SMARTPHONE	"{""brand"":""GOOGLE"",""model_name_text"":""Pixel 8"",""storage_capacity_gb"":128}"	true	
Pixel 8a	TECH.PHONES	SMARTPHONE	"{""brand"":""GOOGLE"",""model_name_text"":""Pixel 8a""}"	true	
Pixel 8a 128 гб	TECH.PHONES	SMARTPHONE	"{""brand"":""GOOGLE"",""model_name_text"":""Pixel 8a"",""storage_capacity_gb"":128}"	true	
Pixel 7 Pro	TECH.PHONES	SMARTPHONE	"{""brand"":""GOOGLE"",""model_name_text"":""Pixel 7 Pro""}"	true	
Pixel 7 Pro 128 гб	TECH.PHONES	SMARTPHONE	"{""brand"":""GOOGLE"",""model_name_text"":""Pixel 7 Pro"",""storage_capacity_gb"":128}"	true	
Pixel 7	TECH.PHONES	SMARTPHONE	"{""brand"":""GOOGLE"",""model_name_text"":""Pixel 7""}"	true	
Pixel 7 128 гб	TECH.PHONES	SMARTPHONE	"{""brand"":""GOOGLE"",""model_name_text"":""Pixel 7"",""storage_capacity_gb"":128}"	true	
Pixel 7a	TECH.PHONES	SMARTPHONE	"{""brand"":""GOOGLE"",""model_name_text"":""Pixel 7a""}"	true	
Pixel 7a 128 гб	TECH.PHONES	SMARTPHONE	"{""brand"":""GOOGLE"",""model_name_text"":""Pixel 7a"",""storage_capacity_gb"":128}"	true	
Xiaomi 15	TECH.PHONES	SMARTPHONE	"{""brand"":""XIAOMI"",""model_name_text"":""Xiaomi 15""}"	true	
Xiaomi 15 128 гб	TECH.PHONES	SMARTPHONE	"{""brand"":""XIAOMI"",""model_name_text"":""Xiaomi 15"",""storage_capacity_gb"":128}"	true	
Xiaomi 15 Ultra	TECH.PHONES	SMARTPHONE	"{""brand"":""XIAOMI"",""model_name_text"":""Xiaomi 15 Ultra""}"	true	
Xiaomi 15 Ultra 128 гб	TECH.PHONES	SMARTPHONE	"{""brand"":""XIAOMI"",""model_name_text"":""Xiaomi 15 Ultra"",""storage_capacity_gb"":128}"	true	
Xiaomi 14	TECH.PHONES	SMARTPHONE	"{""brand"":""XIAOMI"",""model_name_text"":""Xiaomi 14""}"	true	
Xiaomi 14 128 гб	TECH.PHONES	SMARTPHONE	"{""brand"":""XIAOMI"",""model_name_text"":""Xiaomi 14"",""storage_capacity_gb"":128}"	true	
Xiaomi 14 Ultra	TECH.PHONES	SMARTPHONE	"{""brand"":""XIAOMI"",""model_name_text"":""Xiaomi 14 Ultra""}"	true	
Xiaomi 14 Ultra 128 гб	TECH.PHONES	SMARTPHONE	"{""brand"":""XIAOMI"",""model_name_text"":""Xiaomi 14 Ultra"",""storage_capacity_gb"":128}"	true	
Redmi 15	TECH.PHONES	SMARTPHONE	"{""brand"":""REDMI"",""model_name_text"":""Redmi 15""}"	true	
Redmi 15 128 гб	TECH.PHONES	SMARTPHONE	"{""brand"":""REDMI"",""model_name_text"":""Redmi 15"",""storage_capacity_gb"":128}"	true	
Redmi 15 5G	TECH.PHONES	SMARTPHONE	"{""brand"":""REDMI"",""model_name_text"":""Redmi 15 5G""}"	true	
Redmi 15 5G 128 гб	TECH.PHONES	SMARTPHONE	"{""brand"":""REDMI"",""model_name_text"":""Redmi 15 5G"",""storage_capacity_gb"":128}"	true	
Redmi 15C	TECH.PHONES	SMARTPHONE	"{""brand"":""REDMI"",""model_name_text"":""Redmi 15C""}"	true	
Redmi 15C 128 гб	TECH.PHONES	SMARTPHONE	"{""brand"":""REDMI"",""model_name_text"":""Redmi 15C"",""storage_capacity_gb"":128}"	true	
Redmi Note 14 Pro+ 5G	TECH.PHONES	SMARTPHONE	"{""brand"":""REDMI"",""model_name_text"":""Redmi Note 14 Pro+ 5G""}"	true	
Redmi Note 14 Pro+ 5G 128 гб	TECH.PHONES	SMARTPHONE	"{""brand"":""REDMI"",""model_name_text"":""Redmi Note 14 Pro+ 5G"",""storage_capacity_gb"":128}"	true	
Redmi Note 14 Pro 5G	TECH.PHONES	SMARTPHONE	"{""brand"":""REDMI"",""model_name_text"":""Redmi Note 14 Pro 5G""}"	true	
Redmi Note 14 Pro 5G 128 гб	TECH.PHONES	SMARTPHONE	"{""brand"":""REDMI"",""model_name_text"":""Redmi Note 14 Pro 5G"",""storage_capacity_gb"":128}"	true	
Redmi Note 14S	TECH.PHONES	SMARTPHONE	"{""brand"":""REDMI"",""model_name_text"":""Redmi Note 14S""}"	true	
Redmi Note 14S 128 гб	TECH.PHONES	SMARTPHONE	"{""brand"":""REDMI"",""model_name_text"":""Redmi Note 14S"",""storage_capacity_gb"":128}"	true	
Redmi 13x	TECH.PHONES	SMARTPHONE	"{""brand"":""REDMI"",""model_name_text"":""Redmi 13x""}"	true	
Redmi 13x 128 гб	TECH.PHONES	SMARTPHONE	"{""brand"":""REDMI"",""model_name_text"":""Redmi 13x"",""storage_capacity_gb"":128}"	true	
Redmi A5	TECH.PHONES	SMARTPHONE	"{""brand"":""REDMI"",""model_name_text"":""Redmi A5""}"	true	
Redmi A5 128 гб	TECH.PHONES	SMARTPHONE	"{""brand"":""REDMI"",""model_name_text"":""Redmi A5"",""storage_capacity_gb"":128}"	true	
айфон 13 128 гб разлочен	TECH.PHONES	SMARTPHONE	"{""brand"":""APPLE"",""model_name_text"":""iPhone 13"",""storage_capacity_gb"":128,""network_lock_status"":""UNLOCKED""}"	true	
самсунг s24 ultra 512gb	TECH.PHONES	SMARTPHONE	"{""brand"":""SAMSUNG"",""storage_capacity_gb"":512}"	true	
пиксель 10 про бу	TECH.PHONES	SMARTPHONE	"{""brand"":""GOOGLE"",""condition"":""GOOD""}"	true	
xiaomi 15 новый	TECH.PHONES	SMARTPHONE	"{""brand"":""XIAOMI"",""condition"":""NEW""}"	true	
кнопочный nokia 105	TECH.PHONES	FEATURE_PHONE	"{""brand"":""NOKIA"",""phone_type"":""FEATURE_PHONE""}"	true	
защищенный телефон blackview ip68	TECH.PHONES	RUGGED_PHONE	"{""brand"":""BLACKVIEW"",""phone_type"":""RUGGED_PHONE""}"	true	
складной samsung fold 6	TECH.PHONES	FOLDABLE_PHONE	"{""brand"":""SAMSUNG"",""phone_type"":""FOLDABLE_PHONE""}"	true	
спутниковый телефон iridium	TECH.PHONES	SATELLITE_PHONE	"{""phone_type"":""SATELLITE_PHONE""}"	true	
iphone 12 mini акб 86	TECH.PHONES	SMARTPHONE	"{""brand"":""APPLE"",""battery_health_percent"":86}"	true	
realme 14 pro plus 5g	TECH.PHONES	SMARTPHONE	"{""brand"":""REALME"",""mobile_network_generation"":""5G""}"	true	
чехол iphone	TECH.PHONE_ACCESSORIES		{}	false	phone accessory case
чехол айфон	TECH.PHONE_ACCESSORIES		{}	false	phone accessory case
защитное стекло iphone	TECH.PHONE_ACCESSORIES		{}	false	screen protector
пленка iphone	TECH.PHONE_ACCESSORIES		{}	false	screen protector
зарядка iphone	TECH.POWER_CHARGING_CABLES		{}	false	charger
кабель iphone	TECH.POWER_CHARGING_CABLES		{}	false	cable
power bank	TECH.POWER_CHARGING_CABLES		{}	false	power bank
аккумулятор iphone	TECH.PHONE_ACCESSORIES		{}	false	replacement part
дисплей iphone	TECH.PHONE_ACCESSORIES		{}	false	replacement part
airpods	TECH.AUDIO		{}	false	audio not phone
наушники для телефона	TECH.AUDIO		{}	false	audio not phone
apple watch	TECH.WEARABLES		{}	false	wearable
galaxy watch	TECH.WEARABLES		{}	false	wearable
ремешок apple watch	TECH.WEARABLES		{}	false	watch band
ipad	TECH.TABLETS_E_READERS		{}	false	tablet
планшет samsung	TECH.TABLETS_E_READERS		{}	false	tablet
ноутбук	TECH.COMPUTERS		{}	false	computer
macbook	TECH.COMPUTERS		{}	false	computer
камера canon	TECH.CAMERAS_DRONES		{}	false	camera
рация	TECH.OTHER_ELECTRONICS		{}	false	not phone
стационарный телефон	TECH.OTHER_ELECTRONICS		{}	false	landline
сим карта	TECH.PHONE_ACCESSORIES		{}	false	sim card/tool
phone card	TECH.PHONE_ACCESSORIES		{}	false	phone card
mixed lot cables	TECH.POWER_CHARGING_CABLES		{}	false	not phones
iphone новый	TECH.PHONES	SMARTPHONE	{}	true	
iphone б у	TECH.PHONES	SMARTPHONE	{}	true	
iphone 128 гб	TECH.PHONES	SMARTPHONE	{}	true	
iphone 256 гб	TECH.PHONES	SMARTPHONE	{}	true	
iphone разлочен	TECH.PHONES	SMARTPHONE	{}	true	
iphone 5g	TECH.PHONES	SMARTPHONE	{}	true	
iphone с гарантией	TECH.PHONES	SMARTPHONE	{}	true	
samsung galaxy новый	TECH.PHONES	SMARTPHONE	{}	true	
samsung galaxy б у	TECH.PHONES	SMARTPHONE	{}	true	
samsung galaxy 128 гб	TECH.PHONES	SMARTPHONE	{}	true	
samsung galaxy 256 гб	TECH.PHONES	SMARTPHONE	{}	true	
samsung galaxy разлочен	TECH.PHONES	SMARTPHONE	{}	true	
samsung galaxy 5g	TECH.PHONES	SMARTPHONE	{}	true	
samsung galaxy с гарантией	TECH.PHONES	SMARTPHONE	{}	true	
google pixel новый	TECH.PHONES	SMARTPHONE	{}	true	
google pixel б у	TECH.PHONES	SMARTPHONE	{}	true	
google pixel 128 гб	TECH.PHONES	SMARTPHONE	{}	true	
google pixel 256 гб	TECH.PHONES	SMARTPHONE	{}	true	
google pixel разлочен	TECH.PHONES	SMARTPHONE	{}	true	
google pixel 5g	TECH.PHONES	SMARTPHONE	{}	true	
google pixel с гарантией	TECH.PHONES	SMARTPHONE	{}	true	
xiaomi новый	TECH.PHONES	SMARTPHONE	{}	true	
xiaomi б у	TECH.PHONES	SMARTPHONE	{}	true	
xiaomi 128 гб	TECH.PHONES	SMARTPHONE	{}	true	
xiaomi 256 гб	TECH.PHONES	SMARTPHONE	{}	true	
xiaomi разлочен	TECH.PHONES	SMARTPHONE	{}	true	
xiaomi 5g	TECH.PHONES	SMARTPHONE	{}	true	
xiaomi с гарантией	TECH.PHONES	SMARTPHONE	{}	true	
redmi новый	TECH.PHONES	SMARTPHONE	{}	true	
redmi б у	TECH.PHONES	SMARTPHONE	{}	true	
redmi 128 гб	TECH.PHONES	SMARTPHONE	{}	true	
redmi 256 гб	TECH.PHONES	SMARTPHONE	{}	true	
redmi разлочен	TECH.PHONES	SMARTPHONE	{}	true	
redmi 5g	TECH.PHONES	SMARTPHONE	{}	true	
redmi с гарантией	TECH.PHONES	SMARTPHONE	{}	true	
poco новый	TECH.PHONES	SMARTPHONE	{}	true	
poco б у	TECH.PHONES	SMARTPHONE	{}	true	
poco 128 гб	TECH.PHONES	SMARTPHONE	{}	true	
poco 256 гб	TECH.PHONES	SMARTPHONE	{}	true	
poco разлочен	TECH.PHONES	SMARTPHONE	{}	true	
poco 5g	TECH.PHONES	SMARTPHONE	{}	true	
poco с гарантией	TECH.PHONES	SMARTPHONE	{}	true	
honor новый	TECH.PHONES	SMARTPHONE	{}	true	
honor б у	TECH.PHONES	SMARTPHONE	{}	true	
honor 128 гб	TECH.PHONES	SMARTPHONE	{}	true	
honor 256 гб	TECH.PHONES	SMARTPHONE	{}	true	
honor разлочен	TECH.PHONES	SMARTPHONE	{}	true	
honor 5g	TECH.PHONES	SMARTPHONE	{}	true	
honor с гарантией	TECH.PHONES	SMARTPHONE	{}	true	
huawei новый	TECH.PHONES	SMARTPHONE	{}	true	
huawei б у	TECH.PHONES	SMARTPHONE	{}	true	
huawei 128 гб	TECH.PHONES	SMARTPHONE	{}	true	
huawei 256 гб	TECH.PHONES	SMARTPHONE	{}	true	
huawei разлочен	TECH.PHONES	SMARTPHONE	{}	true	
huawei 5g	TECH.PHONES	SMARTPHONE	{}	true	
huawei с гарантией	TECH.PHONES	SMARTPHONE	{}	true	
oneplus новый	TECH.PHONES	SMARTPHONE	{}	true	
oneplus б у	TECH.PHONES	SMARTPHONE	{}	true	
oneplus 128 гб	TECH.PHONES	SMARTPHONE	{}	true	
oneplus 256 гб	TECH.PHONES	SMARTPHONE	{}	true	
oneplus разлочен	TECH.PHONES	SMARTPHONE	{}	true	
oneplus 5g	TECH.PHONES	SMARTPHONE	{}	true	
oneplus с гарантией	TECH.PHONES	SMARTPHONE	{}	true	
oppo новый	TECH.PHONES	SMARTPHONE	{}	true	
oppo б у	TECH.PHONES	SMARTPHONE	{}	true	
oppo 128 гб	TECH.PHONES	SMARTPHONE	{}	true	
oppo 256 гб	TECH.PHONES	SMARTPHONE	{}	true	
oppo разлочен	TECH.PHONES	SMARTPHONE	{}	true	
oppo 5g	TECH.PHONES	SMARTPHONE	{}	true	
oppo с гарантией	TECH.PHONES	SMARTPHONE	{}	true	
vivo новый	TECH.PHONES	SMARTPHONE	{}	true	
vivo б у	TECH.PHONES	SMARTPHONE	{}	true	
vivo 128 гб	TECH.PHONES	SMARTPHONE	{}	true	
vivo 256 гб	TECH.PHONES	SMARTPHONE	{}	true	
vivo разлочен	TECH.PHONES	SMARTPHONE	{}	true	
vivo 5g	TECH.PHONES	SMARTPHONE	{}	true	
vivo с гарантией	TECH.PHONES	SMARTPHONE	{}	true	
realme новый	TECH.PHONES	SMARTPHONE	{}	true	
realme б у	TECH.PHONES	SMARTPHONE	{}	true	
realme 128 гб	TECH.PHONES	SMARTPHONE	{}	true	
realme 256 гб	TECH.PHONES	SMARTPHONE	{}	true	
realme разлочен	TECH.PHONES	SMARTPHONE	{}	true	
realme 5g	TECH.PHONES	SMARTPHONE	{}	true	
realme с гарантией	TECH.PHONES	SMARTPHONE	{}	true	
nothing новый	TECH.PHONES	SMARTPHONE	{}	true	
nothing б у	TECH.PHONES	SMARTPHONE	{}	true	
nothing 128 гб	TECH.PHONES	SMARTPHONE	{}	true	
nothing 256 гб	TECH.PHONES	SMARTPHONE	{}	true	
nothing разлочен	TECH.PHONES	SMARTPHONE	{}	true	
nothing 5g	TECH.PHONES	SMARTPHONE	{}	true	
nothing с гарантией	TECH.PHONES	SMARTPHONE	{}	true	
motorola новый	TECH.PHONES	SMARTPHONE	{}	true	
motorola б у	TECH.PHONES	SMARTPHONE	{}	true	
motorola 128 гб	TECH.PHONES	SMARTPHONE	{}	true	
motorola 256 гб	TECH.PHONES	SMARTPHONE	{}	true	
motorola разлочен	TECH.PHONES	SMARTPHONE	{}	true	
motorola 5g	TECH.PHONES	SMARTPHONE	{}	true	
motorola с гарантией	TECH.PHONES	SMARTPHONE	{}	true	
nokia новый	TECH.PHONES	SMARTPHONE	{}	true	
nokia б у	TECH.PHONES	SMARTPHONE	{}	true	
nokia 128 гб	TECH.PHONES	SMARTPHONE	{}	true	
nokia 256 гб	TECH.PHONES	SMARTPHONE	{}	true	
nokia разлочен	TECH.PHONES	SMARTPHONE	{}	true	
nokia 5g	TECH.PHONES	SMARTPHONE	{}	true	
nokia с гарантией	TECH.PHONES	SMARTPHONE	{}	true	
