query	expected_categoryCode	expected_camera_type	locale	notes
sony a7 iv body	TECH.CAMERAS_DRONES	MIRRORLESS_CAMERA	ru	
камера sony a7r v	TECH.CAMERAS_DRONES	MIRRORLESS_CAMERA	ru	
canon eos r6 mark ii	TECH.CAMERAS_DRONES	MIRRORLESS_CAMERA	ru	
беззеркалка canon r8	TECH.CAMERAS_DRONES	MIRRORLESS_CAMERA	ru	
nikon z6 iii kit	TECH.CAMERAS_DRONES	MIRRORLESS_CAMERA	ru	
fuji x-t5 body	TECH.CAMERAS_DRONES	MIRRORLESS_CAMERA	ru	
fujifilm x100vi	TECH.CAMERAS_DRONES	MIRRORLESS_CAMERA	ru	
lumix s5ii	TECH.CAMERAS_DRONES	MIRRORLESS_CAMERA	ru	
om system om-1 mark ii	TECH.CAMERAS_DRONES	MIRRORLESS_CAMERA	ru	
nikon d850 body	TECH.CAMERAS_DRONES	DSLR_CAMERA	ru	
зеркалка canon 5d mark iv	TECH.CAMERAS_DRONES	DSLR_CAMERA	ru	
canon 6d mark ii	TECH.CAMERAS_DRONES	DSLR_CAMERA	ru	
nikon d750 бу	TECH.CAMERAS_DRONES	DSLR_CAMERA	ru	
зеркальный фотоаппарат nikon	TECH.CAMERAS_DRONES	DSLR_CAMERA	ru	
canon g7x mark iii	TECH.CAMERAS_DRONES	DIGITAL_CAMERA	ru	
sony rx100 vii	TECH.CAMERAS_DRONES	DIGITAL_CAMERA	ru	
ricoh gr iii	TECH.CAMERAS_DRONES	DIGITAL_CAMERA	ru	
kodak pixpro fz55	TECH.CAMERAS_DRONES	DIGITAL_CAMERA	ru	
компактная камера для путешествий	TECH.CAMERAS_DRONES	DIGITAL_CAMERA	ru	
gopro hero 13 black	TECH.CAMERAS_DRONES	ACTION_CAMERA	ru	
gopro hero 12	TECH.CAMERAS_DRONES	ACTION_CAMERA	ru	
insta360 x4	TECH.CAMERAS_DRONES	ACTION_CAMERA	ru	
insta360 ace pro 2	TECH.CAMERAS_DRONES	ACTION_CAMERA	ru	
dji osmo action 5 pro	TECH.CAMERAS_DRONES	ACTION_CAMERA	ru	
экшн камера 4k	TECH.CAMERAS_DRONES	ACTION_CAMERA	ru	
dji mavic 4 pro	TECH.CAMERAS_DRONES	DRONE	ru	
dji mini 4 pro fly more	TECH.CAMERAS_DRONES	DRONE	ru	
dji air 3s	TECH.CAMERAS_DRONES	DRONE	ru	
dji avata 2	TECH.CAMERAS_DRONES	DRONE	ru	
квадрокоптер dji neo	TECH.CAMERAS_DRONES	DRONE	ru	
дрон с камерой 4k	TECH.CAMERAS_DRONES	DRONE	ru	
canon rf 50mm 1.8	TECH.CAMERAS_DRONES	LENS	ru	
sony fe 24-70 gm ii	TECH.CAMERAS_DRONES	LENS	ru	
nikon z 24-70 2.8 s	TECH.CAMERAS_DRONES	LENS	ru	
sigma 24-70 dg dn art sony e	TECH.CAMERAS_DRONES	LENS	ru	
tamron 28-75 g2	TECH.CAMERAS_DRONES	LENS	ru	
объектив fuji xf 35 1.4	TECH.CAMERAS_DRONES	LENS	ru	
штатив manfrotto befree	TECH.CAMERAS_DRONES	TRIPOD	ru	
joby gorillapod 3k	TECH.CAMERAS_DRONES	TRIPOD	ru	
штатив для фотоаппарата	TECH.CAMERAS_DRONES	TRIPOD	ru	
монопод для камеры	TECH.CAMERAS_DRONES	TRIPOD	ru	
dji rs 4 pro	TECH.CAMERAS_DRONES	GIMBAL	ru	
стабилизатор zhiyun crane 4	TECH.CAMERAS_DRONES	GIMBAL	ru	
гимбал для камеры	TECH.CAMERAS_DRONES	GIMBAL	ru	
стедикам dji ronin	TECH.CAMERAS_DRONES	GIMBAL	ru	
godox ad200 pro	TECH.CAMERAS_DRONES	PHOTO_LIGHTING	ru	
aputure ls 300x	TECH.CAMERAS_DRONES	PHOTO_LIGHTING	ru	
nanlite forza 60b ii	TECH.CAMERAS_DRONES	PHOTO_LIGHTING	ru	
кольцевой свет для фото	TECH.CAMERAS_DRONES	PHOTO_LIGHTING	ru	
студийный свет godox	TECH.CAMERAS_DRONES	PHOTO_LIGHTING	ru	
instax mini 12	TECH.CAMERAS_DRONES	INSTANT_CAMERA	ru	
polaroid now plus gen 2	TECH.CAMERAS_DRONES	INSTANT_CAMERA	ru	
моментальная камера fujifilm	TECH.CAMERAS_DRONES	INSTANT_CAMERA	ru	
полароид фотоаппарат	TECH.CAMERAS_DRONES	INSTANT_CAMERA	ru	
видеокамера 4k sony	TECH.CAMERAS_DRONES	CAMCORDER	ru	
blackmagic pocket cinema 6k pro	TECH.CAMERAS_DRONES	CAMCORDER	ru	
камкордер panasonic	TECH.CAMERAS_DRONES	CAMCORDER	ru	
видеокамера для съемки	TECH.CAMERAS_DRONES	CAMCORDER	ru	
бинокль nikon 10x50	TECH.CAMERAS_DRONES	BINOCULARS_TELESCOPE	ru	
celestron nexstar 8se	TECH.CAMERAS_DRONES	BINOCULARS_TELESCOPE	ru	
телескоп для наблюдений	TECH.CAMERAS_DRONES	BINOCULARS_TELESCOPE	ru	
подзорная труба	TECH.CAMERAS_DRONES	BINOCULARS_TELESCOPE	ru	
фильтр hoya 67mm	TECH.CAMERAS_DRONES	CAMERA_ACCESSORY	ru	
ремень peak design	TECH.CAMERAS_DRONES	CAMERA_ACCESSORY	ru	
крышка объектива canon	TECH.CAMERAS_DRONES	CAMERA_ACCESSORY	ru	
аккумулятор lp-e6nh	TECH.CAMERAS_DRONES	CAMERA_ACCESSORY	ru	
клетка smallrig sony a7iv	TECH.CAMERAS_DRONES	CAMERA_ACCESSORY	ru	
iphone 15 камера хорошая	TECH.PHONES		ru	phone query, not camera product
веб камера logitech c920	TECH.COMPUTER_ACCESSORIES		ru	webcam route
камера видеонаблюдения xiaomi	TECH.SMART_HOME_SECURITY		ru	security camera
видеорегистратор 70mai	TECH.CAR_ELECTRONICS_GPS		ru	dashcam
ps5 camera	TECH.GAMING		ru	gaming accessory
держатель телефона для штатива	TECH.PHONE_ACCESSORIES		ru	phone accessory
canon камера	TECH.CAMERAS_DRONES	MIRRORLESS_CAMERA	ru	brand generic query
sony камера	TECH.CAMERAS_DRONES	MIRRORLESS_CAMERA	ru	brand generic query
nikon камера	TECH.CAMERAS_DRONES	MIRRORLESS_CAMERA	ru	brand generic query
fujifilm камера	TECH.CAMERAS_DRONES	MIRRORLESS_CAMERA	ru	brand generic query
panasonic lumix камера	TECH.CAMERAS_DRONES	MIRRORLESS_CAMERA	ru	brand generic query
om system / olympus камера	TECH.CAMERAS_DRONES	MIRRORLESS_CAMERA	ru	brand generic query
leica камера	TECH.CAMERAS_DRONES	MIRRORLESS_CAMERA	ru	brand generic query
sigma камера	TECH.CAMERAS_DRONES	MIRRORLESS_CAMERA	ru	brand generic query
tamron камера	TECH.CAMERAS_DRONES	MIRRORLESS_CAMERA	ru	brand generic query
dji камера	TECH.CAMERAS_DRONES	MIRRORLESS_CAMERA	ru	brand generic query
gopro камера	TECH.CAMERAS_DRONES	MIRRORLESS_CAMERA	ru	brand generic query
insta360 камера	TECH.CAMERAS_DRONES	MIRRORLESS_CAMERA	ru	brand generic query
blackmagic design камера	TECH.CAMERAS_DRONES	MIRRORLESS_CAMERA	ru	brand generic query
red камера	TECH.CAMERAS_DRONES	MIRRORLESS_CAMERA	ru	brand generic query
hasselblad камера	TECH.CAMERAS_DRONES	MIRRORLESS_CAMERA	ru	brand generic query
pentax камера	TECH.CAMERAS_DRONES	MIRRORLESS_CAMERA	ru	brand generic query
ricoh камера	TECH.CAMERAS_DRONES	MIRRORLESS_CAMERA	ru	brand generic query
polaroid камера	TECH.CAMERAS_DRONES	MIRRORLESS_CAMERA	ru	brand generic query
kodak камера	TECH.CAMERAS_DRONES	MIRRORLESS_CAMERA	ru	brand generic query
manfrotto камера	TECH.CAMERAS_DRONES	MIRRORLESS_CAMERA	ru	brand generic query
smallrig камера	TECH.CAMERAS_DRONES	MIRRORLESS_CAMERA	ru	brand generic query
zhiyun камера	TECH.CAMERAS_DRONES	MIRRORLESS_CAMERA	ru	brand generic query
moza камера	TECH.CAMERAS_DRONES	MIRRORLESS_CAMERA	ru	brand generic query
godox камера	TECH.CAMERAS_DRONES	MIRRORLESS_CAMERA	ru	brand generic query
aputure камера	TECH.CAMERAS_DRONES	MIRRORLESS_CAMERA	ru	brand generic query
canon r50 kit 18-45	TECH.CAMERAS_DRONES	MIRRORLESS_CAMERA	ru	extra head query
sony zv-e10 ii vlog kit	TECH.CAMERAS_DRONES	MIRRORLESS_CAMERA	ru	extra head query
nikon z50ii kit	TECH.CAMERAS_DRONES	MIRRORLESS_CAMERA	ru	extra head query
fuji gfx 100s ii	TECH.CAMERAS_DRONES	MIRRORLESS_CAMERA	ru	extra head query
leica q3 камера	TECH.CAMERAS_DRONES	DIGITAL_CAMERA	ru	extra head query
dji osmo pocket 3 creator combo	TECH.CAMERAS_DRONES	ACTION_CAMERA	ru	extra head query
dji mavic 3 pro cine	TECH.CAMERAS_DRONES	DRONE	ru	extra head query
dji avata 2 fly more	TECH.CAMERAS_DRONES	DRONE	ru	extra head query
canon rf 24-70 2.8 l	TECH.CAMERAS_DRONES	LENS	ru	extra head query
viltrox 75mm 1.2 fuji	TECH.CAMERAS_DRONES	LENS	ru	extra head query
godox v1 вспышка canon	TECH.CAMERAS_DRONES	PHOTO_LIGHTING	ru	extra head query
manfrotto штатив с видео головой	TECH.CAMERAS_DRONES	TRIPOD	ru	extra head query
zhiyun crane 4 camera gimbal	TECH.CAMERAS_DRONES	GIMBAL	ru	extra head query
бинокль 10x42 nikon	TECH.CAMERAS_DRONES	BINOCULARS_TELESCOPE	ru	extra head query
фоторюкзак lowepro для камеры	TECH.CAMERAS_DRONES	CAMERA_ACCESSORY	ru	extra head query
карта памяти для камеры	TECH.STORAGE_MEMORY		ru	memory cards route
микрофон rode videomic go	TECH.AUDIO		ru	camera mic route
экшн камера для мотоцикла	TECH.CAMERAS_DRONES	ACTION_CAMERA	ru	generic action camera
телескоп celestron 8se	TECH.CAMERAS_DRONES	BINOCULARS_TELESCOPE	ru	generic optics
кольцевой свет для блогера	TECH.CAMERAS_DRONES	PHOTO_LIGHTING	ru	lighting
