category_code	attribute_code	applicability	facet_recommended	required_policy	notes
TECH.PHONES	storage_capacity	recommended	true	child_pack_may_promote_to_required	Common specs coverage matrix; final requirement resolved by public category pack.
TECH.PHONES	ram_capacity	recommended	true	child_pack_may_promote_to_required	Common specs coverage matrix; final requirement resolved by public category pack.
TECH.PHONES	screen_size	recommended	true	child_pack_may_promote_to_required	Common specs coverage matrix; final requirement resolved by public category pack.
TECH.PHONES	screen_resolution	optional	false	child_pack_may_promote_to_required	Common specs coverage matrix; final requirement resolved by public category pack.
TECH.PHONES	refresh_rate_hz	optional	false	child_pack_may_promote_to_required	Common specs coverage matrix; final requirement resolved by public category pack.
TECH.PHONES	battery_capacity_mah	recommended	true	child_pack_may_promote_to_required	Common specs coverage matrix; final requirement resolved by public category pack.
TECH.PHONES	battery_capacity_wh	optional	false	child_pack_may_promote_to_required	Common specs coverage matrix; final requirement resolved by public category pack.
TECH.PHONES	power_watts	optional	false	child_pack_may_promote_to_required	Common specs coverage matrix; final requirement resolved by public category pack.
TECH.PHONES	connector_type	recommended	true	child_pack_may_promote_to_required	Common specs coverage matrix; final requirement resolved by public category pack.
TECH.PHONES	wireless_standard	optional	false	child_pack_may_promote_to_required	Common specs coverage matrix; final requirement resolved by public category pack.
TECH.PHONES	os_family	recommended	true	child_pack_may_promote_to_required	Common specs coverage matrix; final requirement resolved by public category pack.
TECH.PHONES	chipset_text	optional	false	child_pack_may_promote_to_required	Common specs coverage matrix; final requirement resolved by public category pack.
TECH.PHONES	dimensions	optional	false	child_pack_may_promote_to_required	Common specs coverage matrix; final requirement resolved by public category pack.
TECH.PHONES	weight	optional	false	child_pack_may_promote_to_required	Common specs coverage matrix; final requirement resolved by public category pack.
TECH.PHONES	water_resistance	recommended	true	child_pack_may_promote_to_required	Common specs coverage matrix; final requirement resolved by public category pack.
TECH.PHONES	network_generation	recommended	true	child_pack_may_promote_to_required	Common specs coverage matrix; final requirement resolved by public category pack.
TECH.PHONES	bluetooth_version	optional	false	child_pack_may_promote_to_required	Common specs coverage matrix; final requirement resolved by public category pack.
TECH.PHONES	wi_fi_standard	optional	false	child_pack_may_promote_to_required	Common specs coverage matrix; final requirement resolved by public category pack.
TECH.PHONES	storage_type	optional	false	child_pack_may_promote_to_required	Common specs coverage matrix; final requirement resolved by public category pack.
TECH.PHONES	panel_type	optional	false	child_pack_may_promote_to_required	Common specs coverage matrix; final requirement resolved by public category pack.
TECH.PHONES	charging_standard	optional	false	child_pack_may_promote_to_required	Common specs coverage matrix; final requirement resolved by public category pack.
TECH.PHONES	cable_length_m	optional	false	child_pack_may_promote_to_required	Common specs coverage matrix; final requirement resolved by public category pack.
TECH.PHONES	data_transfer_rate	optional	false	child_pack_may_promote_to_required	Common specs coverage matrix; final requirement resolved by public category pack.
TECH.PHONES	camera_resolution_mp	optional	false	child_pack_may_promote_to_required	Common specs coverage matrix; final requirement resolved by public category pack.
TECH.PHONES	video_resolution	optional	false	child_pack_may_promote_to_required	Common specs coverage matrix; final requirement resolved by public category pack.
TECH.PHONES	sensor_set	optional	false	child_pack_may_promote_to_required	Common specs coverage matrix; final requirement resolved by public category pack.
TECH.PHONES	sim_support	recommended	true	child_pack_may_promote_to_required	Common specs coverage matrix; final requirement resolved by public category pack.
TECH.PHONES	poe_support	optional	false	child_pack_may_promote_to_required	Common specs coverage matrix; final requirement resolved by public category pack.
TECH.PHONE_ACCESSORIES	storage_capacity	optional	false	child_pack_may_promote_to_required	Common specs coverage matrix; final requirement resolved by public category pack.
TECH.PHONE_ACCESSORIES	ram_capacity	optional	false	child_pack_may_promote_to_required	Common specs coverage matrix; final requirement resolved by public category pack.
TECH.PHONE_ACCESSORIES	screen_size	optional	false	child_pack_may_promote_to_required	Common specs coverage matrix; final requirement resolved by public category pack.
TECH.PHONE_ACCESSORIES	screen_resolution	optional	false	child_pack_may_promote_to_required	Common specs coverage matrix; final requirement resolved by public category pack.
TECH.PHONE_ACCESSORIES	refresh_rate_hz	optional	false	child_pack_may_promote_to_required	Common specs coverage matrix; final requirement resolved by public category pack.
TECH.PHONE_ACCESSORIES	battery_capacity_mah	optional	false	child_pack_may_promote_to_required	Common specs coverage matrix; final requirement resolved by public category pack.
TECH.PHONE_ACCESSORIES	battery_capacity_wh	optional	false	child_pack_may_promote_to_required	Common specs coverage matrix; final requirement resolved by public category pack.
TECH.PHONE_ACCESSORIES	power_watts	optional	false	child_pack_may_promote_to_required	Common specs coverage matrix; final requirement resolved by public category pack.
TECH.PHONE_ACCESSORIES	connector_type	optional	false	child_pack_may_promote_to_required	Common specs coverage matrix; final requirement resolved by public category pack.
TECH.PHONE_ACCESSORIES	wireless_standard	optional	false	child_pack_may_promote_to_required	Common specs coverage matrix; final requirement resolved by public category pack.
TECH.PHONE_ACCESSORIES	os_family	optional	false	child_pack_may_promote_to_required	Common specs coverage matrix; final requirement resolved by public category pack.
TECH.PHONE_ACCESSORIES	chipset_text	optional	false	child_pack_may_promote_to_required	Common specs coverage matrix; final requirement resolved by public category pack.
TECH.PHONE_ACCESSORIES	dimensions	optional	false	child_pack_may_promote_to_required	Common specs coverage matrix; final requirement resolved by public category pack.
TECH.PHONE_ACCESSORIES	weight	optional	false	child_pack_may_promote_to_required	Common specs coverage matrix; final requirement resolved by public category pack.
TECH.PHONE_ACCESSORIES	water_resistance	optional	false	child_pack_may_promote_to_required	Common specs coverage matrix; final requirement resolved by public category pack.
TECH.PHONE_ACCESSORIES	network_generation	optional	false	child_pack_may_promote_to_required	Common specs coverage matrix; final requirement resolved by public category pack.
TECH.PHONE_ACCESSORIES	bluetooth_version	optional	false	child_pack_may_promote_to_required	Common specs coverage matrix; final requirement resolved by public category pack.
TECH.PHONE_ACCESSORIES	wi_fi_standard	optional	false	child_pack_may_promote_to_required	Common specs coverage matrix; final requirement resolved by public category pack.
TECH.PHONE_ACCESSORIES	storage_type	optional	false	child_pack_may_promote_to_required	Common specs coverage matrix; final requirement resolved by public category pack.
TECH.PHONE_ACCESSORIES	panel_type	optional	false	child_pack_may_promote_to_required	Common specs coverage matrix; final requirement resolved by public category pack.
TECH.PHONE_ACCESSORIES	charging_standard	optional	false	child_pack_may_promote_to_required	Common specs coverage matrix; final requirement resolved by public category pack.
TECH.PHONE_ACCESSORIES	cable_length_m	optional	false	child_pack_may_promote_to_required	Common specs coverage matrix; final requirement resolved by public category pack.
TECH.PHONE_ACCESSORIES	data_transfer_rate	optional	false	child_pack_may_promote_to_required	Common specs coverage matrix; final requirement resolved by public category pack.
TECH.PHONE_ACCESSORIES	camera_resolution_mp	optional	false	child_pack_may_promote_to_required	Common specs coverage matrix; final requirement resolved by public category pack.
TECH.PHONE_ACCESSORIES	video_resolution	optional	false	child_pack_may_promote_to_required	Common specs coverage matrix; final requirement resolved by public category pack.
TECH.PHONE_ACCESSORIES	sensor_set	optional	false	child_pack_may_promote_to_required	Common specs coverage matrix; final requirement resolved by public category pack.
TECH.PHONE_ACCESSORIES	sim_support	optional	false	child_pack_may_promote_to_required	Common specs coverage matrix; final requirement resolved by public category pack.
TECH.PHONE_ACCESSORIES	poe_support	optional	false	child_pack_may_promote_to_required	Common specs coverage matrix; final requirement resolved by public category pack.
TECH.COMPUTERS	storage_capacity	recommended	true	child_pack_may_promote_to_required	Common specs coverage matrix; final requirement resolved by public category pack.
TECH.COMPUTERS	ram_capacity	recommended	true	child_pack_may_promote_to_required	Common specs coverage matrix; final requirement resolved by public category pack.
TECH.COMPUTERS	screen_size	recommended	true	child_pack_may_promote_to_required	Common specs coverage matrix; final requirement resolved by public category pack.
TECH.COMPUTERS	screen_resolution	optional	false	child_pack_may_promote_to_required	Common specs coverage matrix; final requirement resolved by public category pack.
TECH.COMPUTERS	refresh_rate_hz	optional	false	child_pack_may_promote_to_required	Common specs coverage matrix; final requirement resolved by public category pack.
TECH.COMPUTERS	battery_capacity_mah	optional	false	child_pack_may_promote_to_required	Common specs coverage matrix; final requirement resolved by public category pack.
TECH.COMPUTERS	battery_capacity_wh	recommended	true	child_pack_may_promote_to_required	Common specs coverage matrix; final requirement resolved by public category pack.
TECH.COMPUTERS	power_watts	optional	false	child_pack_may_promote_to_required	Common specs coverage matrix; final requirement resolved by public category pack.
TECH.COMPUTERS	connector_type	recommended	true	child_pack_may_promote_to_required	Common specs coverage matrix; final requirement resolved by public category pack.
TECH.COMPUTERS	wireless_standard	optional	false	child_pack_may_promote_to_required	Common specs coverage matrix; final requirement resolved by public category pack.
TECH.COMPUTERS	os_family	recommended	true	child_pack_may_promote_to_required	Common specs coverage matrix; final requirement resolved by public category pack.
TECH.COMPUTERS	chipset_text	recommended	true	child_pack_may_promote_to_required	Common specs coverage matrix; final requirement resolved by public category pack.
TECH.COMPUTERS	dimensions	optional	false	child_pack_may_promote_to_required	Common specs coverage matrix; final requirement resolved by public category pack.
TECH.COMPUTERS	weight	optional	false	child_pack_may_promote_to_required	Common specs coverage matrix; final requirement resolved by public category pack.
TECH.COMPUTERS	water_resistance	optional	false	child_pack_may_promote_to_required	Common specs coverage matrix; final requirement resolved by public category pack.
TECH.COMPUTERS	network_generation	optional	false	child_pack_may_promote_to_required	Common specs coverage matrix; final requirement resolved by public category pack.
TECH.COMPUTERS	bluetooth_version	optional	false	child_pack_may_promote_to_required	Common specs coverage matrix; final requirement resolved by public category pack.
TECH.COMPUTERS	wi_fi_standard	recommended	true	child_pack_may_promote_to_required	Common specs coverage matrix; final requirement resolved by public category pack.
TECH.COMPUTERS	storage_type	recommended	true	child_pack_may_promote_to_required	Common specs coverage matrix; final requirement resolved by public category pack.
TECH.COMPUTERS	panel_type	optional	false	child_pack_may_promote_to_required	Common specs coverage matrix; final requirement resolved by public category pack.
TECH.COMPUTERS	charging_standard	optional	false	child_pack_may_promote_to_required	Common specs coverage matrix; final requirement resolved by public category pack.
TECH.COMPUTERS	cable_length_m	optional	false	child_pack_may_promote_to_required	Common specs coverage matrix; final requirement resolved by public category pack.
TECH.COMPUTERS	data_transfer_rate	optional	false	child_pack_may_promote_to_required	Common specs coverage matrix; final requirement resolved by public category pack.
TECH.COMPUTERS	camera_resolution_mp	optional	false	child_pack_may_promote_to_required	Common specs coverage matrix; final requirement resolved by public category pack.
TECH.COMPUTERS	video_resolution	optional	false	child_pack_may_promote_to_required	Common specs coverage matrix; final requirement resolved by public category pack.
TECH.COMPUTERS	sensor_set	optional	false	child_pack_may_promote_to_required	Common specs coverage matrix; final requirement resolved by public category pack.
TECH.COMPUTERS	sim_support	optional	false	child_pack_may_promote_to_required	Common specs coverage matrix; final requirement resolved by public category pack.
TECH.COMPUTERS	poe_support	optional	false	child_pack_may_promote_to_required	Common specs coverage matrix; final requirement resolved by public category pack.
TECH.TABLETS_E_READERS	storage_capacity	optional	false	child_pack_may_promote_to_required	Common specs coverage matrix; final requirement resolved by public category pack.
TECH.TABLETS_E_READERS	ram_capacity	optional	false	child_pack_may_promote_to_required	Common specs coverage matrix; final requirement resolved by public category pack.
TECH.TABLETS_E_READERS	screen_size	optional	false	child_pack_may_promote_to_required	Common specs coverage matrix; final requirement resolved by public category pack.
TECH.TABLETS_E_READERS	screen_resolution	optional	false	child_pack_may_promote_to_required	Common specs coverage matrix; final requirement resolved by public category pack.
TECH.TABLETS_E_READERS	refresh_rate_hz	optional	false	child_pack_may_promote_to_required	Common specs coverage matrix; final requirement resolved by public category pack.
TECH.TABLETS_E_READERS	battery_capacity_mah	optional	false	child_pack_may_promote_to_required	Common specs coverage matrix; final requirement resolved by public category pack.
TECH.TABLETS_E_READERS	battery_capacity_wh	optional	false	child_pack_may_promote_to_required	Common specs coverage matrix; final requirement resolved by public category pack.
TECH.TABLETS_E_READERS	power_watts	optional	false	child_pack_may_promote_to_required	Common specs coverage matrix; final requirement resolved by public category pack.
TECH.TABLETS_E_READERS	connector_type	optional	false	child_pack_may_promote_to_required	Common specs coverage matrix; final requirement resolved by public category pack.
TECH.TABLETS_E_READERS	wireless_standard	optional	false	child_pack_may_promote_to_required	Common specs coverage matrix; final requirement resolved by public category pack.
TECH.TABLETS_E_READERS	os_family	optional	false	child_pack_may_promote_to_required	Common specs coverage matrix; final requirement resolved by public category pack.
TECH.TABLETS_E_READERS	chipset_text	optional	false	child_pack_may_promote_to_required	Common specs coverage matrix; final requirement resolved by public category pack.
TECH.TABLETS_E_READERS	dimensions	optional	false	child_pack_may_promote_to_required	Common specs coverage matrix; final requirement resolved by public category pack.
TECH.TABLETS_E_READERS	weight	optional	false	child_pack_may_promote_to_required	Common specs coverage matrix; final requirement resolved by public category pack.
TECH.TABLETS_E_READERS	water_resistance	optional	false	child_pack_may_promote_to_required	Common specs coverage matrix; final requirement resolved by public category pack.
TECH.TABLETS_E_READERS	network_generation	optional	false	child_pack_may_promote_to_required	Common specs coverage matrix; final requirement resolved by public category pack.
TECH.TABLETS_E_READERS	bluetooth_version	optional	false	child_pack_may_promote_to_required	Common specs coverage matrix; final requirement resolved by public category pack.
TECH.TABLETS_E_READERS	wi_fi_standard	optional	false	child_pack_may_promote_to_required	Common specs coverage matrix; final requirement resolved by public category pack.
TECH.TABLETS_E_READERS	storage_type	optional	false	child_pack_may_promote_to_required	Common specs coverage matrix; final requirement resolved by public category pack.
TECH.TABLETS_E_READERS	panel_type	optional	false	child_pack_may_promote_to_required	Common specs coverage matrix; final requirement resolved by public category pack.
TECH.TABLETS_E_READERS	charging_standard	optional	false	child_pack_may_promote_to_required	Common specs coverage matrix; final requirement resolved by public category pack.
TECH.TABLETS_E_READERS	cable_length_m	optional	false	child_pack_may_promote_to_required	Common specs coverage matrix; final requirement resolved by public category pack.
TECH.TABLETS_E_READERS	data_transfer_rate	optional	false	child_pack_may_promote_to_required	Common specs coverage matrix; final requirement resolved by public category pack.
TECH.TABLETS_E_READERS	camera_resolution_mp	optional	false	child_pack_may_promote_to_required	Common specs coverage matrix; final requirement resolved by public category pack.
TECH.TABLETS_E_READERS	video_resolution	optional	false	child_pack_may_promote_to_required	Common specs coverage matrix; final requirement resolved by public category pack.
TECH.TABLETS_E_READERS	sensor_set	optional	false	child_pack_may_promote_to_required	Common specs coverage matrix; final requirement resolved by public category pack.
TECH.TABLETS_E_READERS	sim_support	optional	false	child_pack_may_promote_to_required	Common specs coverage matrix; final requirement resolved by public category pack.
TECH.TABLETS_E_READERS	poe_support	optional	false	child_pack_may_promote_to_required	Common specs coverage matrix; final requirement resolved by public category pack.
TECH.MONITORS_DISPLAYS	storage_capacity	optional	false	child_pack_may_promote_to_required	Common specs coverage matrix; final requirement resolved by public category pack.
TECH.MONITORS_DISPLAYS	ram_capacity	optional	false	child_pack_may_promote_to_required	Common specs coverage matrix; final requirement resolved by public category pack.
TECH.MONITORS_DISPLAYS	screen_size	recommended	true	child_pack_may_promote_to_required	Common specs coverage matrix; final requirement resolved by public category pack.
TECH.MONITORS_DISPLAYS	screen_resolution	recommended	true	child_pack_may_promote_to_required	Common specs coverage matrix; final requirement resolved by public category pack.
TECH.MONITORS_DISPLAYS	refresh_rate_hz	recommended	true	child_pack_may_promote_to_required	Common specs coverage matrix; final requirement resolved by public category pack.
TECH.MONITORS_DISPLAYS	battery_capacity_mah	optional	false	child_pack_may_promote_to_required	Common specs coverage matrix; final requirement resolved by public category pack.
TECH.MONITORS_DISPLAYS	battery_capacity_wh	optional	false	child_pack_may_promote_to_required	Common specs coverage matrix; final requirement resolved by public category pack.
TECH.MONITORS_DISPLAYS	power_watts	optional	false	child_pack_may_promote_to_required	Common specs coverage matrix; final requirement resolved by public category pack.
TECH.MONITORS_DISPLAYS	connector_type	recommended	true	child_pack_may_promote_to_required	Common specs coverage matrix; final requirement resolved by public category pack.
TECH.MONITORS_DISPLAYS	wireless_standard	optional	false	child_pack_may_promote_to_required	Common specs coverage matrix; final requirement resolved by public category pack.
TECH.MONITORS_DISPLAYS	os_family	optional	false	child_pack_may_promote_to_required	Common specs coverage matrix; final requirement resolved by public category pack.
TECH.MONITORS_DISPLAYS	chipset_text	optional	false	child_pack_may_promote_to_required	Common specs coverage matrix; final requirement resolved by public category pack.
TECH.MONITORS_DISPLAYS	dimensions	recommended	true	child_pack_may_promote_to_required	Common specs coverage matrix; final requirement resolved by public category pack.
TECH.MONITORS_DISPLAYS	weight	recommended	true	child_pack_may_promote_to_required	Common specs coverage matrix; final requirement resolved by public category pack.
TECH.MONITORS_DISPLAYS	water_resistance	optional	false	child_pack_may_promote_to_required	Common specs coverage matrix; final requirement resolved by public category pack.
TECH.MONITORS_DISPLAYS	network_generation	optional	false	child_pack_may_promote_to_required	Common specs coverage matrix; final requirement resolved by public category pack.
TECH.MONITORS_DISPLAYS	bluetooth_version	optional	false	child_pack_may_promote_to_required	Common specs coverage matrix; final requirement resolved by public category pack.
TECH.MONITORS_DISPLAYS	wi_fi_standard	optional	false	child_pack_may_promote_to_required	Common specs coverage matrix; final requirement resolved by public category pack.
TECH.MONITORS_DISPLAYS	storage_type	optional	false	child_pack_may_promote_to_required	Common specs coverage matrix; final requirement resolved by public category pack.
TECH.MONITORS_DISPLAYS	panel_type	recommended	true	child_pack_may_promote_to_required	Common specs coverage matrix; final requirement resolved by public category pack.
TECH.MONITORS_DISPLAYS	charging_standard	optional	false	child_pack_may_promote_to_required	Common specs coverage matrix; final requirement resolved by public category pack.
TECH.MONITORS_DISPLAYS	cable_length_m	optional	false	child_pack_may_promote_to_required	Common specs coverage matrix; final requirement resolved by public category pack.
TECH.MONITORS_DISPLAYS	data_transfer_rate	optional	false	child_pack_may_promote_to_required	Common specs coverage matrix; final requirement resolved by public category pack.
TECH.MONITORS_DISPLAYS	camera_resolution_mp	optional	false	child_pack_may_promote_to_required	Common specs coverage matrix; final requirement resolved by public category pack.
TECH.MONITORS_DISPLAYS	video_resolution	optional	false	child_pack_may_promote_to_required	Common specs coverage matrix; final requirement resolved by public category pack.
TECH.MONITORS_DISPLAYS	sensor_set	optional	false	child_pack_may_promote_to_required	Common specs coverage matrix; final requirement resolved by public category pack.
TECH.MONITORS_DISPLAYS	sim_support	optional	false	child_pack_may_promote_to_required	Common specs coverage matrix; final requirement resolved by public category pack.
TECH.MONITORS_DISPLAYS	poe_support	optional	false	child_pack_may_promote_to_required	Common specs coverage matrix; final requirement resolved by public category pack.
TECH.COMPUTER_ACCESSORIES	storage_capacity	optional	false	child_pack_may_promote_to_required	Common specs coverage matrix; final requirement resolved by public category pack.
TECH.COMPUTER_ACCESSORIES	ram_capacity	optional	false	child_pack_may_promote_to_required	Common specs coverage matrix; final requirement resolved by public category pack.
TECH.COMPUTER_ACCESSORIES	screen_size	optional	false	child_pack_may_promote_to_required	Common specs coverage matrix; final requirement resolved by public category pack.
TECH.COMPUTER_ACCESSORIES	screen_resolution	optional	false	child_pack_may_promote_to_required	Common specs coverage matrix; final requirement resolved by public category pack.
TECH.COMPUTER_ACCESSORIES	refresh_rate_hz	optional	false	child_pack_may_promote_to_required	Common specs coverage matrix; final requirement resolved by public category pack.
TECH.COMPUTER_ACCESSORIES	battery_capacity_mah	optional	false	child_pack_may_promote_to_required	Common specs coverage matrix; final requirement resolved by public category pack.
TECH.COMPUTER_ACCESSORIES	battery_capacity_wh	optional	false	child_pack_may_promote_to_required	Common specs coverage matrix; final requirement resolved by public category pack.
TECH.COMPUTER_ACCESSORIES	power_watts	optional	false	child_pack_may_promote_to_required	Common specs coverage matrix; final requirement resolved by public category pack.
TECH.COMPUTER_ACCESSORIES	connector_type	optional	false	child_pack_may_promote_to_required	Common specs coverage matrix; final requirement resolved by public category pack.
TECH.COMPUTER_ACCESSORIES	wireless_standard	optional	false	child_pack_may_promote_to_required	Common specs coverage matrix; final requirement resolved by public category pack.
TECH.COMPUTER_ACCESSORIES	os_family	optional	false	child_pack_may_promote_to_required	Common specs coverage matrix; final requirement resolved by public category pack.
TECH.COMPUTER_ACCESSORIES	chipset_text	optional	false	child_pack_may_promote_to_required	Common specs coverage matrix; final requirement resolved by public category pack.
TECH.COMPUTER_ACCESSORIES	dimensions	optional	false	child_pack_may_promote_to_required	Common specs coverage matrix; final requirement resolved by public category pack.
TECH.COMPUTER_ACCESSORIES	weight	optional	false	child_pack_may_promote_to_required	Common specs coverage matrix; final requirement resolved by public category pack.
TECH.COMPUTER_ACCESSORIES	water_resistance	optional	false	child_pack_may_promote_to_required	Common specs coverage matrix; final requirement resolved by public category pack.
TECH.COMPUTER_ACCESSORIES	network_generation	optional	false	child_pack_may_promote_to_required	Common specs coverage matrix; final requirement resolved by public category pack.
TECH.COMPUTER_ACCESSORIES	bluetooth_version	optional	false	child_pack_may_promote_to_required	Common specs coverage matrix; final requirement resolved by public category pack.
TECH.COMPUTER_ACCESSORIES	wi_fi_standard	optional	false	child_pack_may_promote_to_required	Common specs coverage matrix; final requirement resolved by public category pack.
TECH.COMPUTER_ACCESSORIES	storage_type	optional	false	child_pack_may_promote_to_required	Common specs coverage matrix; final requirement resolved by public category pack.
TECH.COMPUTER_ACCESSORIES	panel_type	optional	false	child_pack_may_promote_to_required	Common specs coverage matrix; final requirement resolved by public category pack.
TECH.COMPUTER_ACCESSORIES	charging_standard	optional	false	child_pack_may_promote_to_required	Common specs coverage matrix; final requirement resolved by public category pack.
TECH.COMPUTER_ACCESSORIES	cable_length_m	optional	false	child_pack_may_promote_to_required	Common specs coverage matrix; final requirement resolved by public category pack.
TECH.COMPUTER_ACCESSORIES	data_transfer_rate	optional	false	child_pack_may_promote_to_required	Common specs coverage matrix; final requirement resolved by public category pack.
TECH.COMPUTER_ACCESSORIES	camera_resolution_mp	optional	false	child_pack_may_promote_to_required	Common specs coverage matrix; final requirement resolved by public category pack.
TECH.COMPUTER_ACCESSORIES	video_resolution	optional	false	child_pack_may_promote_to_required	Common specs coverage matrix; final requirement resolved by public category pack.
TECH.COMPUTER_ACCESSORIES	sensor_set	optional	false	child_pack_may_promote_to_required	Common specs coverage matrix; final requirement resolved by public category pack.
TECH.COMPUTER_ACCESSORIES	sim_support	optional	false	child_pack_may_promote_to_required	Common specs coverage matrix; final requirement resolved by public category pack.
TECH.COMPUTER_ACCESSORIES	poe_support	optional	false	child_pack_may_promote_to_required	Common specs coverage matrix; final requirement resolved by public category pack.
TECH.PC_COMPONENTS	storage_capacity	optional	false	child_pack_may_promote_to_required	Common specs coverage matrix; final requirement resolved by public category pack.
TECH.PC_COMPONENTS	ram_capacity	optional	false	child_pack_may_promote_to_required	Common specs coverage matrix; final requirement resolved by public category pack.
TECH.PC_COMPONENTS	screen_size	optional	false	child_pack_may_promote_to_required	Common specs coverage matrix; final requirement resolved by public category pack.
TECH.PC_COMPONENTS	screen_resolution	optional	false	child_pack_may_promote_to_required	Common specs coverage matrix; final requirement resolved by public category pack.
TECH.PC_COMPONENTS	refresh_rate_hz	optional	false	child_pack_may_promote_to_required	Common specs coverage matrix; final requirement resolved by public category pack.
TECH.PC_COMPONENTS	battery_capacity_mah	optional	false	child_pack_may_promote_to_required	Common specs coverage matrix; final requirement resolved by public category pack.
TECH.PC_COMPONENTS	battery_capacity_wh	optional	false	child_pack_may_promote_to_required	Common specs coverage matrix; final requirement resolved by public category pack.
TECH.PC_COMPONENTS	power_watts	optional	false	child_pack_may_promote_to_required	Common specs coverage matrix; final requirement resolved by public category pack.
TECH.PC_COMPONENTS	connector_type	optional	false	child_pack_may_promote_to_required	Common specs coverage matrix; final requirement resolved by public category pack.
TECH.PC_COMPONENTS	wireless_standard	optional	false	child_pack_may_promote_to_required	Common specs coverage matrix; final requirement resolved by public category pack.
TECH.PC_COMPONENTS	os_family	optional	false	child_pack_may_promote_to_required	Common specs coverage matrix; final requirement resolved by public category pack.
TECH.PC_COMPONENTS	chipset_text	optional	false	child_pack_may_promote_to_required	Common specs coverage matrix; final requirement resolved by public category pack.
TECH.PC_COMPONENTS	dimensions	optional	false	child_pack_may_promote_to_required	Common specs coverage matrix; final requirement resolved by public category pack.
TECH.PC_COMPONENTS	weight	optional	false	child_pack_may_promote_to_required	Common specs coverage matrix; final requirement resolved by public category pack.
TECH.PC_COMPONENTS	water_resistance	optional	false	child_pack_may_promote_to_required	Common specs coverage matrix; final requirement resolved by public category pack.
TECH.PC_COMPONENTS	network_generation	optional	false	child_pack_may_promote_to_required	Common specs coverage matrix; final requirement resolved by public category pack.
TECH.PC_COMPONENTS	bluetooth_version	optional	false	child_pack_may_promote_to_required	Common specs coverage matrix; final requirement resolved by public category pack.
TECH.PC_COMPONENTS	wi_fi_standard	optional	false	child_pack_may_promote_to_required	Common specs coverage matrix; final requirement resolved by public category pack.
TECH.PC_COMPONENTS	storage_type	optional	false	child_pack_may_promote_to_required	Common specs coverage matrix; final requirement resolved by public category pack.
TECH.PC_COMPONENTS	panel_type	optional	false	child_pack_may_promote_to_required	Common specs coverage matrix; final requirement resolved by public category pack.
TECH.PC_COMPONENTS	charging_standard	optional	false	child_pack_may_promote_to_required	Common specs coverage matrix; final requirement resolved by public category pack.
TECH.PC_COMPONENTS	cable_length_m	optional	false	child_pack_may_promote_to_required	Common specs coverage matrix; final requirement resolved by public category pack.
TECH.PC_COMPONENTS	data_transfer_rate	optional	false	child_pack_may_promote_to_required	Common specs coverage matrix; final requirement resolved by public category pack.
TECH.PC_COMPONENTS	camera_resolution_mp	optional	false	child_pack_may_promote_to_required	Common specs coverage matrix; final requirement resolved by public category pack.
TECH.PC_COMPONENTS	video_resolution	optional	false	child_pack_may_promote_to_required	Common specs coverage matrix; final requirement resolved by public category pack.
TECH.PC_COMPONENTS	sensor_set	optional	false	child_pack_may_promote_to_required	Common specs coverage matrix; final requirement resolved by public category pack.
TECH.PC_COMPONENTS	sim_support	optional	false	child_pack_may_promote_to_required	Common specs coverage matrix; final requirement resolved by public category pack.
TECH.PC_COMPONENTS	poe_support	optional	false	child_pack_may_promote_to_required	Common specs coverage matrix; final requirement resolved by public category pack.
TECH.STORAGE_MEMORY	storage_capacity	recommended	true	child_pack_may_promote_to_required	Common specs coverage matrix; final requirement resolved by public category pack.
TECH.STORAGE_MEMORY	ram_capacity	optional	false	child_pack_may_promote_to_required	Common specs coverage matrix; final requirement resolved by public category pack.
TECH.STORAGE_MEMORY	screen_size	optional	false	child_pack_may_promote_to_required	Common specs coverage matrix; final requirement resolved by public category pack.
TECH.STORAGE_MEMORY	screen_resolution	optional	false	child_pack_may_promote_to_required	Common specs coverage matrix; final requirement resolved by public category pack.
TECH.STORAGE_MEMORY	refresh_rate_hz	optional	false	child_pack_may_promote_to_required	Common specs coverage matrix; final requirement resolved by public category pack.
TECH.STORAGE_MEMORY	battery_capacity_mah	optional	false	child_pack_may_promote_to_required	Common specs coverage matrix; final requirement resolved by public category pack.
TECH.STORAGE_MEMORY	battery_capacity_wh	optional	false	child_pack_may_promote_to_required	Common specs coverage matrix; final requirement resolved by public category pack.
TECH.STORAGE_MEMORY	power_watts	optional	false	child_pack_may_promote_to_required	Common specs coverage matrix; final requirement resolved by public category pack.
TECH.STORAGE_MEMORY	connector_type	recommended	true	child_pack_may_promote_to_required	Common specs coverage matrix; final requirement resolved by public category pack.
TECH.STORAGE_MEMORY	wireless_standard	optional	false	child_pack_may_promote_to_required	Common specs coverage matrix; final requirement resolved by public category pack.
TECH.STORAGE_MEMORY	os_family	optional	false	child_pack_may_promote_to_required	Common specs coverage matrix; final requirement resolved by public category pack.
TECH.STORAGE_MEMORY	chipset_text	optional	false	child_pack_may_promote_to_required	Common specs coverage matrix; final requirement resolved by public category pack.
TECH.STORAGE_MEMORY	dimensions	optional	false	child_pack_may_promote_to_required	Common specs coverage matrix; final requirement resolved by public category pack.
TECH.STORAGE_MEMORY	weight	optional	false	child_pack_may_promote_to_required	Common specs coverage matrix; final requirement resolved by public category pack.
TECH.STORAGE_MEMORY	water_resistance	optional	false	child_pack_may_promote_to_required	Common specs coverage matrix; final requirement resolved by public category pack.
TECH.STORAGE_MEMORY	network_generation	optional	false	child_pack_may_promote_to_required	Common specs coverage matrix; final requirement resolved by public category pack.
TECH.STORAGE_MEMORY	bluetooth_version	optional	false	child_pack_may_promote_to_required	Common specs coverage matrix; final requirement resolved by public category pack.
TECH.STORAGE_MEMORY	wi_fi_standard	optional	false	child_pack_may_promote_to_required	Common specs coverage matrix; final requirement resolved by public category pack.
TECH.STORAGE_MEMORY	storage_type	recommended	true	child_pack_may_promote_to_required	Common specs coverage matrix; final requirement resolved by public category pack.
TECH.STORAGE_MEMORY	panel_type	optional	false	child_pack_may_promote_to_required	Common specs coverage matrix; final requirement resolved by public category pack.
TECH.STORAGE_MEMORY	charging_standard	optional	false	child_pack_may_promote_to_required	Common specs coverage matrix; final requirement resolved by public category pack.
TECH.STORAGE_MEMORY	cable_length_m	optional	false	child_pack_may_promote_to_required	Common specs coverage matrix; final requirement resolved by public category pack.
TECH.STORAGE_MEMORY	data_transfer_rate	recommended	true	child_pack_may_promote_to_required	Common specs coverage matrix; final requirement resolved by public category pack.
TECH.STORAGE_MEMORY	camera_resolution_mp	optional	false	child_pack_may_promote_to_required	Common specs coverage matrix; final requirement resolved by public category pack.
TECH.STORAGE_MEMORY	video_resolution	optional	false	child_pack_may_promote_to_required	Common specs coverage matrix; final requirement resolved by public category pack.
TECH.STORAGE_MEMORY	sensor_set	optional	false	child_pack_may_promote_to_required	Common specs coverage matrix; final requirement resolved by public category pack.
TECH.STORAGE_MEMORY	sim_support	optional	false	child_pack_may_promote_to_required	Common specs coverage matrix; final requirement resolved by public category pack.
TECH.STORAGE_MEMORY	poe_support	optional	false	child_pack_may_promote_to_required	Common specs coverage matrix; final requirement resolved by public category pack.
TECH.AUDIO	storage_capacity	optional	false	child_pack_may_promote_to_required	Common specs coverage matrix; final requirement resolved by public category pack.
TECH.AUDIO	ram_capacity	optional	false	child_pack_may_promote_to_required	Common specs coverage matrix; final requirement resolved by public category pack.
TECH.AUDIO	screen_size	optional	false	child_pack_may_promote_to_required	Common specs coverage matrix; final requirement resolved by public category pack.
TECH.AUDIO	screen_resolution	optional	false	child_pack_may_promote_to_required	Common specs coverage matrix; final requirement resolved by public category pack.
TECH.AUDIO	refresh_rate_hz	optional	false	child_pack_may_promote_to_required	Common specs coverage matrix; final requirement resolved by public category pack.
TECH.AUDIO	battery_capacity_mah	optional	false	child_pack_may_promote_to_required	Common specs coverage matrix; final requirement resolved by public category pack.
TECH.AUDIO	battery_capacity_wh	optional	false	child_pack_may_promote_to_required	Common specs coverage matrix; final requirement resolved by public category pack.
TECH.AUDIO	power_watts	recommended	true	child_pack_may_promote_to_required	Common specs coverage matrix; final requirement resolved by public category pack.
TECH.AUDIO	connector_type	recommended	true	child_pack_may_promote_to_required	Common specs coverage matrix; final requirement resolved by public category pack.
TECH.AUDIO	wireless_standard	recommended	true	child_pack_may_promote_to_required	Common specs coverage matrix; final requirement resolved by public category pack.
TECH.AUDIO	os_family	optional	false	child_pack_may_promote_to_required	Common specs coverage matrix; final requirement resolved by public category pack.
TECH.AUDIO	chipset_text	optional	false	child_pack_may_promote_to_required	Common specs coverage matrix; final requirement resolved by public category pack.
TECH.AUDIO	dimensions	optional	false	child_pack_may_promote_to_required	Common specs coverage matrix; final requirement resolved by public category pack.
TECH.AUDIO	weight	optional	false	child_pack_may_promote_to_required	Common specs coverage matrix; final requirement resolved by public category pack.
TECH.AUDIO	water_resistance	recommended	true	child_pack_may_promote_to_required	Common specs coverage matrix; final requirement resolved by public category pack.
TECH.AUDIO	network_generation	optional	false	child_pack_may_promote_to_required	Common specs coverage matrix; final requirement resolved by public category pack.
TECH.AUDIO	bluetooth_version	recommended	true	child_pack_may_promote_to_required	Common specs coverage matrix; final requirement resolved by public category pack.
TECH.AUDIO	wi_fi_standard	optional	false	child_pack_may_promote_to_required	Common specs coverage matrix; final requirement resolved by public category pack.
TECH.AUDIO	storage_type	optional	false	child_pack_may_promote_to_required	Common specs coverage matrix; final requirement resolved by public category pack.
TECH.AUDIO	panel_type	optional	false	child_pack_may_promote_to_required	Common specs coverage matrix; final requirement resolved by public category pack.
TECH.AUDIO	charging_standard	optional	false	child_pack_may_promote_to_required	Common specs coverage matrix; final requirement resolved by public category pack.
TECH.AUDIO	cable_length_m	optional	false	child_pack_may_promote_to_required	Common specs coverage matrix; final requirement resolved by public category pack.
TECH.AUDIO	data_transfer_rate	optional	false	child_pack_may_promote_to_required	Common specs coverage matrix; final requirement resolved by public category pack.
TECH.AUDIO	camera_resolution_mp	optional	false	child_pack_may_promote_to_required	Common specs coverage matrix; final requirement resolved by public category pack.
TECH.AUDIO	video_resolution	optional	false	child_pack_may_promote_to_required	Common specs coverage matrix; final requirement resolved by public category pack.
TECH.AUDIO	sensor_set	optional	false	child_pack_may_promote_to_required	Common specs coverage matrix; final requirement resolved by public category pack.
TECH.AUDIO	sim_support	optional	false	child_pack_may_promote_to_required	Common specs coverage matrix; final requirement resolved by public category pack.
TECH.AUDIO	poe_support	optional	false	child_pack_may_promote_to_required	Common specs coverage matrix; final requirement resolved by public category pack.
TECH.TV_HOME_THEATER	storage_capacity	optional	false	child_pack_may_promote_to_required	Common specs coverage matrix; final requirement resolved by public category pack.
TECH.TV_HOME_THEATER	ram_capacity	optional	false	child_pack_may_promote_to_required	Common specs coverage matrix; final requirement resolved by public category pack.
TECH.TV_HOME_THEATER	screen_size	optional	false	child_pack_may_promote_to_required	Common specs coverage matrix; final requirement resolved by public category pack.
TECH.TV_HOME_THEATER	screen_resolution	optional	false	child_pack_may_promote_to_required	Common specs coverage matrix; final requirement resolved by public category pack.
TECH.TV_HOME_THEATER	refresh_rate_hz	optional	false	child_pack_may_promote_to_required	Common specs coverage matrix; final requirement resolved by public category pack.
TECH.TV_HOME_THEATER	battery_capacity_mah	optional	false	child_pack_may_promote_to_required	Common specs coverage matrix; final requirement resolved by public category pack.
TECH.TV_HOME_THEATER	battery_capacity_wh	optional	false	child_pack_may_promote_to_required	Common specs coverage matrix; final requirement resolved by public category pack.
TECH.TV_HOME_THEATER	power_watts	optional	false	child_pack_may_promote_to_required	Common specs coverage matrix; final requirement resolved by public category pack.
TECH.TV_HOME_THEATER	connector_type	optional	false	child_pack_may_promote_to_required	Common specs coverage matrix; final requirement resolved by public category pack.
TECH.TV_HOME_THEATER	wireless_standard	optional	false	child_pack_may_promote_to_required	Common specs coverage matrix; final requirement resolved by public category pack.
TECH.TV_HOME_THEATER	os_family	optional	false	child_pack_may_promote_to_required	Common specs coverage matrix; final requirement resolved by public category pack.
TECH.TV_HOME_THEATER	chipset_text	optional	false	child_pack_may_promote_to_required	Common specs coverage matrix; final requirement resolved by public category pack.
TECH.TV_HOME_THEATER	dimensions	optional	false	child_pack_may_promote_to_required	Common specs coverage matrix; final requirement resolved by public category pack.
TECH.TV_HOME_THEATER	weight	optional	false	child_pack_may_promote_to_required	Common specs coverage matrix; final requirement resolved by public category pack.
TECH.TV_HOME_THEATER	water_resistance	optional	false	child_pack_may_promote_to_required	Common specs coverage matrix; final requirement resolved by public category pack.
TECH.TV_HOME_THEATER	network_generation	optional	false	child_pack_may_promote_to_required	Common specs coverage matrix; final requirement resolved by public category pack.
TECH.TV_HOME_THEATER	bluetooth_version	optional	false	child_pack_may_promote_to_required	Common specs coverage matrix; final requirement resolved by public category pack.
TECH.TV_HOME_THEATER	wi_fi_standard	optional	false	child_pack_may_promote_to_required	Common specs coverage matrix; final requirement resolved by public category pack.
TECH.TV_HOME_THEATER	storage_type	optional	false	child_pack_may_promote_to_required	Common specs coverage matrix; final requirement resolved by public category pack.
TECH.TV_HOME_THEATER	panel_type	optional	false	child_pack_may_promote_to_required	Common specs coverage matrix; final requirement resolved by public category pack.
TECH.TV_HOME_THEATER	charging_standard	optional	false	child_pack_may_promote_to_required	Common specs coverage matrix; final requirement resolved by public category pack.
TECH.TV_HOME_THEATER	cable_length_m	optional	false	child_pack_may_promote_to_required	Common specs coverage matrix; final requirement resolved by public category pack.
TECH.TV_HOME_THEATER	data_transfer_rate	optional	false	child_pack_may_promote_to_required	Common specs coverage matrix; final requirement resolved by public category pack.
TECH.TV_HOME_THEATER	camera_resolution_mp	optional	false	child_pack_may_promote_to_required	Common specs coverage matrix; final requirement resolved by public category pack.
TECH.TV_HOME_THEATER	video_resolution	optional	false	child_pack_may_promote_to_required	Common specs coverage matrix; final requirement resolved by public category pack.
TECH.TV_HOME_THEATER	sensor_set	optional	false	child_pack_may_promote_to_required	Common specs coverage matrix; final requirement resolved by public category pack.
TECH.TV_HOME_THEATER	sim_support	optional	false	child_pack_may_promote_to_required	Common specs coverage matrix; final requirement resolved by public category pack.
TECH.TV_HOME_THEATER	poe_support	optional	false	child_pack_may_promote_to_required	Common specs coverage matrix; final requirement resolved by public category pack.
TECH.WEARABLES	storage_capacity	optional	false	child_pack_may_promote_to_required	Common specs coverage matrix; final requirement resolved by public category pack.
TECH.WEARABLES	ram_capacity	optional	false	child_pack_may_promote_to_required	Common specs coverage matrix; final requirement resolved by public category pack.
TECH.WEARABLES	screen_size	optional	false	child_pack_may_promote_to_required	Common specs coverage matrix; final requirement resolved by public category pack.
TECH.WEARABLES	screen_resolution	optional	false	child_pack_may_promote_to_required	Common specs coverage matrix; final requirement resolved by public category pack.
TECH.WEARABLES	refresh_rate_hz	optional	false	child_pack_may_promote_to_required	Common specs coverage matrix; final requirement resolved by public category pack.
TECH.WEARABLES	battery_capacity_mah	optional	false	child_pack_may_promote_to_required	Common specs coverage matrix; final requirement resolved by public category pack.
TECH.WEARABLES	battery_capacity_wh	optional	false	child_pack_may_promote_to_required	Common specs coverage matrix; final requirement resolved by public category pack.
TECH.WEARABLES	power_watts	optional	false	child_pack_may_promote_to_required	Common specs coverage matrix; final requirement resolved by public category pack.
TECH.WEARABLES	connector_type	optional	false	child_pack_may_promote_to_required	Common specs coverage matrix; final requirement resolved by public category pack.
TECH.WEARABLES	wireless_standard	optional	false	child_pack_may_promote_to_required	Common specs coverage matrix; final requirement resolved by public category pack.
TECH.WEARABLES	os_family	optional	false	child_pack_may_promote_to_required	Common specs coverage matrix; final requirement resolved by public category pack.
TECH.WEARABLES	chipset_text	optional	false	child_pack_may_promote_to_required	Common specs coverage matrix; final requirement resolved by public category pack.
TECH.WEARABLES	dimensions	optional	false	child_pack_may_promote_to_required	Common specs coverage matrix; final requirement resolved by public category pack.
TECH.WEARABLES	weight	optional	false	child_pack_may_promote_to_required	Common specs coverage matrix; final requirement resolved by public category pack.
TECH.WEARABLES	water_resistance	optional	false	child_pack_may_promote_to_required	Common specs coverage matrix; final requirement resolved by public category pack.
TECH.WEARABLES	network_generation	optional	false	child_pack_may_promote_to_required	Common specs coverage matrix; final requirement resolved by public category pack.
TECH.WEARABLES	bluetooth_version	optional	false	child_pack_may_promote_to_required	Common specs coverage matrix; final requirement resolved by public category pack.
TECH.WEARABLES	wi_fi_standard	optional	false	child_pack_may_promote_to_required	Common specs coverage matrix; final requirement resolved by public category pack.
TECH.WEARABLES	storage_type	optional	false	child_pack_may_promote_to_required	Common specs coverage matrix; final requirement resolved by public category pack.
TECH.WEARABLES	panel_type	optional	false	child_pack_may_promote_to_required	Common specs coverage matrix; final requirement resolved by public category pack.
TECH.WEARABLES	charging_standard	optional	false	child_pack_may_promote_to_required	Common specs coverage matrix; final requirement resolved by public category pack.
TECH.WEARABLES	cable_length_m	optional	false	child_pack_may_promote_to_required	Common specs coverage matrix; final requirement resolved by public category pack.
TECH.WEARABLES	data_transfer_rate	optional	false	child_pack_may_promote_to_required	Common specs coverage matrix; final requirement resolved by public category pack.
TECH.WEARABLES	camera_resolution_mp	optional	false	child_pack_may_promote_to_required	Common specs coverage matrix; final requirement resolved by public category pack.
TECH.WEARABLES	video_resolution	optional	false	child_pack_may_promote_to_required	Common specs coverage matrix; final requirement resolved by public category pack.
TECH.WEARABLES	sensor_set	optional	false	child_pack_may_promote_to_required	Common specs coverage matrix; final requirement resolved by public category pack.
TECH.WEARABLES	sim_support	optional	false	child_pack_may_promote_to_required	Common specs coverage matrix; final requirement resolved by public category pack.
TECH.WEARABLES	poe_support	optional	false	child_pack_may_promote_to_required	Common specs coverage matrix; final requirement resolved by public category pack.
TECH.CAMERAS_DRONES	storage_capacity	optional	false	child_pack_may_promote_to_required	Common specs coverage matrix; final requirement resolved by public category pack.
TECH.CAMERAS_DRONES	ram_capacity	optional	false	child_pack_may_promote_to_required	Common specs coverage matrix; final requirement resolved by public category pack.
TECH.CAMERAS_DRONES	screen_size	optional	false	child_pack_may_promote_to_required	Common specs coverage matrix; final requirement resolved by public category pack.
TECH.CAMERAS_DRONES	screen_resolution	optional	false	child_pack_may_promote_to_required	Common specs coverage matrix; final requirement resolved by public category pack.
TECH.CAMERAS_DRONES	refresh_rate_hz	optional	false	child_pack_may_promote_to_required	Common specs coverage matrix; final requirement resolved by public category pack.
TECH.CAMERAS_DRONES	battery_capacity_mah	recommended	true	child_pack_may_promote_to_required	Common specs coverage matrix; final requirement resolved by public category pack.
TECH.CAMERAS_DRONES	battery_capacity_wh	optional	false	child_pack_may_promote_to_required	Common specs coverage matrix; final requirement resolved by public category pack.
TECH.CAMERAS_DRONES	power_watts	optional	false	child_pack_may_promote_to_required	Common specs coverage matrix; final requirement resolved by public category pack.
TECH.CAMERAS_DRONES	connector_type	recommended	true	child_pack_may_promote_to_required	Common specs coverage matrix; final requirement resolved by public category pack.
TECH.CAMERAS_DRONES	wireless_standard	recommended	true	child_pack_may_promote_to_required	Common specs coverage matrix; final requirement resolved by public category pack.
TECH.CAMERAS_DRONES	os_family	optional	false	child_pack_may_promote_to_required	Common specs coverage matrix; final requirement resolved by public category pack.
TECH.CAMERAS_DRONES	chipset_text	optional	false	child_pack_may_promote_to_required	Common specs coverage matrix; final requirement resolved by public category pack.
TECH.CAMERAS_DRONES	dimensions	optional	false	child_pack_may_promote_to_required	Common specs coverage matrix; final requirement resolved by public category pack.
TECH.CAMERAS_DRONES	weight	optional	false	child_pack_may_promote_to_required	Common specs coverage matrix; final requirement resolved by public category pack.
TECH.CAMERAS_DRONES	water_resistance	optional	false	child_pack_may_promote_to_required	Common specs coverage matrix; final requirement resolved by public category pack.
TECH.CAMERAS_DRONES	network_generation	optional	false	child_pack_may_promote_to_required	Common specs coverage matrix; final requirement resolved by public category pack.
TECH.CAMERAS_DRONES	bluetooth_version	optional	false	child_pack_may_promote_to_required	Common specs coverage matrix; final requirement resolved by public category pack.
TECH.CAMERAS_DRONES	wi_fi_standard	optional	false	child_pack_may_promote_to_required	Common specs coverage matrix; final requirement resolved by public category pack.
TECH.CAMERAS_DRONES	storage_type	optional	false	child_pack_may_promote_to_required	Common specs coverage matrix; final requirement resolved by public category pack.
TECH.CAMERAS_DRONES	panel_type	optional	false	child_pack_may_promote_to_required	Common specs coverage matrix; final requirement resolved by public category pack.
TECH.CAMERAS_DRONES	charging_standard	optional	false	child_pack_may_promote_to_required	Common specs coverage matrix; final requirement resolved by public category pack.
TECH.CAMERAS_DRONES	cable_length_m	optional	false	child_pack_may_promote_to_required	Common specs coverage matrix; final requirement resolved by public category pack.
TECH.CAMERAS_DRONES	data_transfer_rate	optional	false	child_pack_may_promote_to_required	Common specs coverage matrix; final requirement resolved by public category pack.
TECH.CAMERAS_DRONES	camera_resolution_mp	recommended	true	child_pack_may_promote_to_required	Common specs coverage matrix; final requirement resolved by public category pack.
TECH.CAMERAS_DRONES	video_resolution	recommended	true	child_pack_may_promote_to_required	Common specs coverage matrix; final requirement resolved by public category pack.
TECH.CAMERAS_DRONES	sensor_set	recommended	true	child_pack_may_promote_to_required	Common specs coverage matrix; final requirement resolved by public category pack.
TECH.CAMERAS_DRONES	sim_support	optional	false	child_pack_may_promote_to_required	Common specs coverage matrix; final requirement resolved by public category pack.
TECH.CAMERAS_DRONES	poe_support	optional	false	child_pack_may_promote_to_required	Common specs coverage matrix; final requirement resolved by public category pack.
TECH.GAMING	storage_capacity	optional	false	child_pack_may_promote_to_required	Common specs coverage matrix; final requirement resolved by public category pack.
TECH.GAMING	ram_capacity	optional	false	child_pack_may_promote_to_required	Common specs coverage matrix; final requirement resolved by public category pack.
TECH.GAMING	screen_size	optional	false	child_pack_may_promote_to_required	Common specs coverage matrix; final requirement resolved by public category pack.
TECH.GAMING	screen_resolution	optional	false	child_pack_may_promote_to_required	Common specs coverage matrix; final requirement resolved by public category pack.
TECH.GAMING	refresh_rate_hz	optional	false	child_pack_may_promote_to_required	Common specs coverage matrix; final requirement resolved by public category pack.
TECH.GAMING	battery_capacity_mah	optional	false	child_pack_may_promote_to_required	Common specs coverage matrix; final requirement resolved by public category pack.
TECH.GAMING	battery_capacity_wh	optional	false	child_pack_may_promote_to_required	Common specs coverage matrix; final requirement resolved by public category pack.
TECH.GAMING	power_watts	optional	false	child_pack_may_promote_to_required	Common specs coverage matrix; final requirement resolved by public category pack.
TECH.GAMING	connector_type	optional	false	child_pack_may_promote_to_required	Common specs coverage matrix; final requirement resolved by public category pack.
TECH.GAMING	wireless_standard	optional	false	child_pack_may_promote_to_required	Common specs coverage matrix; final requirement resolved by public category pack.
TECH.GAMING	os_family	optional	false	child_pack_may_promote_to_required	Common specs coverage matrix; final requirement resolved by public category pack.
TECH.GAMING	chipset_text	optional	false	child_pack_may_promote_to_required	Common specs coverage matrix; final requirement resolved by public category pack.
TECH.GAMING	dimensions	optional	false	child_pack_may_promote_to_required	Common specs coverage matrix; final requirement resolved by public category pack.
TECH.GAMING	weight	optional	false	child_pack_may_promote_to_required	Common specs coverage matrix; final requirement resolved by public category pack.
TECH.GAMING	water_resistance	optional	false	child_pack_may_promote_to_required	Common specs coverage matrix; final requirement resolved by public category pack.
TECH.GAMING	network_generation	optional	false	child_pack_may_promote_to_required	Common specs coverage matrix; final requirement resolved by public category pack.
TECH.GAMING	bluetooth_version	optional	false	child_pack_may_promote_to_required	Common specs coverage matrix; final requirement resolved by public category pack.
TECH.GAMING	wi_fi_standard	optional	false	child_pack_may_promote_to_required	Common specs coverage matrix; final requirement resolved by public category pack.
TECH.GAMING	storage_type	optional	false	child_pack_may_promote_to_required	Common specs coverage matrix; final requirement resolved by public category pack.
TECH.GAMING	panel_type	optional	false	child_pack_may_promote_to_required	Common specs coverage matrix; final requirement resolved by public category pack.
TECH.GAMING	charging_standard	optional	false	child_pack_may_promote_to_required	Common specs coverage matrix; final requirement resolved by public category pack.
TECH.GAMING	cable_length_m	optional	false	child_pack_may_promote_to_required	Common specs coverage matrix; final requirement resolved by public category pack.
TECH.GAMING	data_transfer_rate	optional	false	child_pack_may_promote_to_required	Common specs coverage matrix; final requirement resolved by public category pack.
TECH.GAMING	camera_resolution_mp	optional	false	child_pack_may_promote_to_required	Common specs coverage matrix; final requirement resolved by public category pack.
TECH.GAMING	video_resolution	optional	false	child_pack_may_promote_to_required	Common specs coverage matrix; final requirement resolved by public category pack.
TECH.GAMING	sensor_set	optional	false	child_pack_may_promote_to_required	Common specs coverage matrix; final requirement resolved by public category pack.
TECH.GAMING	sim_support	optional	false	child_pack_may_promote_to_required	Common specs coverage matrix; final requirement resolved by public category pack.
TECH.GAMING	poe_support	optional	false	child_pack_may_promote_to_required	Common specs coverage matrix; final requirement resolved by public category pack.
TECH.SMART_HOME_SECURITY	storage_capacity	optional	false	child_pack_may_promote_to_required	Common specs coverage matrix; final requirement resolved by public category pack.
TECH.SMART_HOME_SECURITY	ram_capacity	optional	false	child_pack_may_promote_to_required	Common specs coverage matrix; final requirement resolved by public category pack.
TECH.SMART_HOME_SECURITY	screen_size	optional	false	child_pack_may_promote_to_required	Common specs coverage matrix; final requirement resolved by public category pack.
TECH.SMART_HOME_SECURITY	screen_resolution	optional	false	child_pack_may_promote_to_required	Common specs coverage matrix; final requirement resolved by public category pack.
TECH.SMART_HOME_SECURITY	refresh_rate_hz	optional	false	child_pack_may_promote_to_required	Common specs coverage matrix; final requirement resolved by public category pack.
TECH.SMART_HOME_SECURITY	battery_capacity_mah	optional	false	child_pack_may_promote_to_required	Common specs coverage matrix; final requirement resolved by public category pack.
TECH.SMART_HOME_SECURITY	battery_capacity_wh	optional	false	child_pack_may_promote_to_required	Common specs coverage matrix; final requirement resolved by public category pack.
TECH.SMART_HOME_SECURITY	power_watts	optional	false	child_pack_may_promote_to_required	Common specs coverage matrix; final requirement resolved by public category pack.
TECH.SMART_HOME_SECURITY	connector_type	optional	false	child_pack_may_promote_to_required	Common specs coverage matrix; final requirement resolved by public category pack.
TECH.SMART_HOME_SECURITY	wireless_standard	recommended	true	child_pack_may_promote_to_required	Common specs coverage matrix; final requirement resolved by public category pack.
TECH.SMART_HOME_SECURITY	os_family	optional	false	child_pack_may_promote_to_required	Common specs coverage matrix; final requirement resolved by public category pack.
TECH.SMART_HOME_SECURITY	chipset_text	optional	false	child_pack_may_promote_to_required	Common specs coverage matrix; final requirement resolved by public category pack.
TECH.SMART_HOME_SECURITY	dimensions	optional	false	child_pack_may_promote_to_required	Common specs coverage matrix; final requirement resolved by public category pack.
TECH.SMART_HOME_SECURITY	weight	optional	false	child_pack_may_promote_to_required	Common specs coverage matrix; final requirement resolved by public category pack.
TECH.SMART_HOME_SECURITY	water_resistance	recommended	true	child_pack_may_promote_to_required	Common specs coverage matrix; final requirement resolved by public category pack.
TECH.SMART_HOME_SECURITY	network_generation	optional	false	child_pack_may_promote_to_required	Common specs coverage matrix; final requirement resolved by public category pack.
TECH.SMART_HOME_SECURITY	bluetooth_version	optional	false	child_pack_may_promote_to_required	Common specs coverage matrix; final requirement resolved by public category pack.
TECH.SMART_HOME_SECURITY	wi_fi_standard	optional	false	child_pack_may_promote_to_required	Common specs coverage matrix; final requirement resolved by public category pack.
TECH.SMART_HOME_SECURITY	storage_type	optional	false	child_pack_may_promote_to_required	Common specs coverage matrix; final requirement resolved by public category pack.
TECH.SMART_HOME_SECURITY	panel_type	optional	false	child_pack_may_promote_to_required	Common specs coverage matrix; final requirement resolved by public category pack.
TECH.SMART_HOME_SECURITY	charging_standard	optional	false	child_pack_may_promote_to_required	Common specs coverage matrix; final requirement resolved by public category pack.
TECH.SMART_HOME_SECURITY	cable_length_m	optional	false	child_pack_may_promote_to_required	Common specs coverage matrix; final requirement resolved by public category pack.
TECH.SMART_HOME_SECURITY	data_transfer_rate	optional	false	child_pack_may_promote_to_required	Common specs coverage matrix; final requirement resolved by public category pack.
TECH.SMART_HOME_SECURITY	camera_resolution_mp	recommended	true	child_pack_may_promote_to_required	Common specs coverage matrix; final requirement resolved by public category pack.
TECH.SMART_HOME_SECURITY	video_resolution	recommended	true	child_pack_may_promote_to_required	Common specs coverage matrix; final requirement resolved by public category pack.
TECH.SMART_HOME_SECURITY	sensor_set	recommended	true	child_pack_may_promote_to_required	Common specs coverage matrix; final requirement resolved by public category pack.
TECH.SMART_HOME_SECURITY	sim_support	optional	false	child_pack_may_promote_to_required	Common specs coverage matrix; final requirement resolved by public category pack.
TECH.SMART_HOME_SECURITY	poe_support	optional	false	child_pack_may_promote_to_required	Common specs coverage matrix; final requirement resolved by public category pack.
TECH.NETWORKING	storage_capacity	optional	false	child_pack_may_promote_to_required	Common specs coverage matrix; final requirement resolved by public category pack.
TECH.NETWORKING	ram_capacity	optional	false	child_pack_may_promote_to_required	Common specs coverage matrix; final requirement resolved by public category pack.
TECH.NETWORKING	screen_size	optional	false	child_pack_may_promote_to_required	Common specs coverage matrix; final requirement resolved by public category pack.
TECH.NETWORKING	screen_resolution	optional	false	child_pack_may_promote_to_required	Common specs coverage matrix; final requirement resolved by public category pack.
TECH.NETWORKING	refresh_rate_hz	optional	false	child_pack_may_promote_to_required	Common specs coverage matrix; final requirement resolved by public category pack.
TECH.NETWORKING	battery_capacity_mah	optional	false	child_pack_may_promote_to_required	Common specs coverage matrix; final requirement resolved by public category pack.
TECH.NETWORKING	battery_capacity_wh	optional	false	child_pack_may_promote_to_required	Common specs coverage matrix; final requirement resolved by public category pack.
TECH.NETWORKING	power_watts	optional	false	child_pack_may_promote_to_required	Common specs coverage matrix; final requirement resolved by public category pack.
TECH.NETWORKING	connector_type	recommended	true	child_pack_may_promote_to_required	Common specs coverage matrix; final requirement resolved by public category pack.
TECH.NETWORKING	wireless_standard	optional	false	child_pack_may_promote_to_required	Common specs coverage matrix; final requirement resolved by public category pack.
TECH.NETWORKING	os_family	optional	false	child_pack_may_promote_to_required	Common specs coverage matrix; final requirement resolved by public category pack.
TECH.NETWORKING	chipset_text	optional	false	child_pack_may_promote_to_required	Common specs coverage matrix; final requirement resolved by public category pack.
TECH.NETWORKING	dimensions	optional	false	child_pack_may_promote_to_required	Common specs coverage matrix; final requirement resolved by public category pack.
TECH.NETWORKING	weight	optional	false	child_pack_may_promote_to_required	Common specs coverage matrix; final requirement resolved by public category pack.
TECH.NETWORKING	water_resistance	optional	false	child_pack_may_promote_to_required	Common specs coverage matrix; final requirement resolved by public category pack.
TECH.NETWORKING	network_generation	optional	false	child_pack_may_promote_to_required	Common specs coverage matrix; final requirement resolved by public category pack.
TECH.NETWORKING	bluetooth_version	optional	false	child_pack_may_promote_to_required	Common specs coverage matrix; final requirement resolved by public category pack.
TECH.NETWORKING	wi_fi_standard	recommended	true	child_pack_may_promote_to_required	Common specs coverage matrix; final requirement resolved by public category pack.
TECH.NETWORKING	storage_type	optional	false	child_pack_may_promote_to_required	Common specs coverage matrix; final requirement resolved by public category pack.
TECH.NETWORKING	panel_type	optional	false	child_pack_may_promote_to_required	Common specs coverage matrix; final requirement resolved by public category pack.
TECH.NETWORKING	charging_standard	optional	false	child_pack_may_promote_to_required	Common specs coverage matrix; final requirement resolved by public category pack.
TECH.NETWORKING	cable_length_m	optional	false	child_pack_may_promote_to_required	Common specs coverage matrix; final requirement resolved by public category pack.
TECH.NETWORKING	data_transfer_rate	optional	false	child_pack_may_promote_to_required	Common specs coverage matrix; final requirement resolved by public category pack.
TECH.NETWORKING	camera_resolution_mp	optional	false	child_pack_may_promote_to_required	Common specs coverage matrix; final requirement resolved by public category pack.
TECH.NETWORKING	video_resolution	optional	false	child_pack_may_promote_to_required	Common specs coverage matrix; final requirement resolved by public category pack.
TECH.NETWORKING	sensor_set	optional	false	child_pack_may_promote_to_required	Common specs coverage matrix; final requirement resolved by public category pack.
TECH.NETWORKING	sim_support	optional	false	child_pack_may_promote_to_required	Common specs coverage matrix; final requirement resolved by public category pack.
TECH.NETWORKING	poe_support	recommended	true	child_pack_may_promote_to_required	Common specs coverage matrix; final requirement resolved by public category pack.
TECH.POWER_CHARGING_CABLES	storage_capacity	optional	false	child_pack_may_promote_to_required	Common specs coverage matrix; final requirement resolved by public category pack.
TECH.POWER_CHARGING_CABLES	ram_capacity	optional	false	child_pack_may_promote_to_required	Common specs coverage matrix; final requirement resolved by public category pack.
TECH.POWER_CHARGING_CABLES	screen_size	optional	false	child_pack_may_promote_to_required	Common specs coverage matrix; final requirement resolved by public category pack.
TECH.POWER_CHARGING_CABLES	screen_resolution	optional	false	child_pack_may_promote_to_required	Common specs coverage matrix; final requirement resolved by public category pack.
TECH.POWER_CHARGING_CABLES	refresh_rate_hz	optional	false	child_pack_may_promote_to_required	Common specs coverage matrix; final requirement resolved by public category pack.
TECH.POWER_CHARGING_CABLES	battery_capacity_mah	recommended	true	child_pack_may_promote_to_required	Common specs coverage matrix; final requirement resolved by public category pack.
TECH.POWER_CHARGING_CABLES	battery_capacity_wh	recommended	true	child_pack_may_promote_to_required	Common specs coverage matrix; final requirement resolved by public category pack.
TECH.POWER_CHARGING_CABLES	power_watts	recommended	true	child_pack_may_promote_to_required	Common specs coverage matrix; final requirement resolved by public category pack.
TECH.POWER_CHARGING_CABLES	connector_type	recommended	true	child_pack_may_promote_to_required	Common specs coverage matrix; final requirement resolved by public category pack.
TECH.POWER_CHARGING_CABLES	wireless_standard	optional	false	child_pack_may_promote_to_required	Common specs coverage matrix; final requirement resolved by public category pack.
TECH.POWER_CHARGING_CABLES	os_family	optional	false	child_pack_may_promote_to_required	Common specs coverage matrix; final requirement resolved by public category pack.
TECH.POWER_CHARGING_CABLES	chipset_text	optional	false	child_pack_may_promote_to_required	Common specs coverage matrix; final requirement resolved by public category pack.
TECH.POWER_CHARGING_CABLES	dimensions	optional	false	child_pack_may_promote_to_required	Common specs coverage matrix; final requirement resolved by public category pack.
TECH.POWER_CHARGING_CABLES	weight	optional	false	child_pack_may_promote_to_required	Common specs coverage matrix; final requirement resolved by public category pack.
TECH.POWER_CHARGING_CABLES	water_resistance	optional	false	child_pack_may_promote_to_required	Common specs coverage matrix; final requirement resolved by public category pack.
TECH.POWER_CHARGING_CABLES	network_generation	optional	false	child_pack_may_promote_to_required	Common specs coverage matrix; final requirement resolved by public category pack.
TECH.POWER_CHARGING_CABLES	bluetooth_version	optional	false	child_pack_may_promote_to_required	Common specs coverage matrix; final requirement resolved by public category pack.
TECH.POWER_CHARGING_CABLES	wi_fi_standard	optional	false	child_pack_may_promote_to_required	Common specs coverage matrix; final requirement resolved by public category pack.
TECH.POWER_CHARGING_CABLES	storage_type	optional	false	child_pack_may_promote_to_required	Common specs coverage matrix; final requirement resolved by public category pack.
TECH.POWER_CHARGING_CABLES	panel_type	optional	false	child_pack_may_promote_to_required	Common specs coverage matrix; final requirement resolved by public category pack.
TECH.POWER_CHARGING_CABLES	charging_standard	recommended	true	child_pack_may_promote_to_required	Common specs coverage matrix; final requirement resolved by public category pack.
TECH.POWER_CHARGING_CABLES	cable_length_m	recommended	true	child_pack_may_promote_to_required	Common specs coverage matrix; final requirement resolved by public category pack.
TECH.POWER_CHARGING_CABLES	data_transfer_rate	optional	false	child_pack_may_promote_to_required	Common specs coverage matrix; final requirement resolved by public category pack.
TECH.POWER_CHARGING_CABLES	camera_resolution_mp	optional	false	child_pack_may_promote_to_required	Common specs coverage matrix; final requirement resolved by public category pack.
TECH.POWER_CHARGING_CABLES	video_resolution	optional	false	child_pack_may_promote_to_required	Common specs coverage matrix; final requirement resolved by public category pack.
TECH.POWER_CHARGING_CABLES	sensor_set	optional	false	child_pack_may_promote_to_required	Common specs coverage matrix; final requirement resolved by public category pack.
TECH.POWER_CHARGING_CABLES	sim_support	optional	false	child_pack_may_promote_to_required	Common specs coverage matrix; final requirement resolved by public category pack.
TECH.POWER_CHARGING_CABLES	poe_support	optional	false	child_pack_may_promote_to_required	Common specs coverage matrix; final requirement resolved by public category pack.
TECH.PRINTERS_SCANNERS	storage_capacity	optional	false	child_pack_may_promote_to_required	Common specs coverage matrix; final requirement resolved by public category pack.
TECH.PRINTERS_SCANNERS	ram_capacity	optional	false	child_pack_may_promote_to_required	Common specs coverage matrix; final requirement resolved by public category pack.
TECH.PRINTERS_SCANNERS	screen_size	optional	false	child_pack_may_promote_to_required	Common specs coverage matrix; final requirement resolved by public category pack.
TECH.PRINTERS_SCANNERS	screen_resolution	optional	false	child_pack_may_promote_to_required	Common specs coverage matrix; final requirement resolved by public category pack.
TECH.PRINTERS_SCANNERS	refresh_rate_hz	optional	false	child_pack_may_promote_to_required	Common specs coverage matrix; final requirement resolved by public category pack.
TECH.PRINTERS_SCANNERS	battery_capacity_mah	optional	false	child_pack_may_promote_to_required	Common specs coverage matrix; final requirement resolved by public category pack.
TECH.PRINTERS_SCANNERS	battery_capacity_wh	optional	false	child_pack_may_promote_to_required	Common specs coverage matrix; final requirement resolved by public category pack.
TECH.PRINTERS_SCANNERS	power_watts	optional	false	child_pack_may_promote_to_required	Common specs coverage matrix; final requirement resolved by public category pack.
TECH.PRINTERS_SCANNERS	connector_type	optional	false	child_pack_may_promote_to_required	Common specs coverage matrix; final requirement resolved by public category pack.
TECH.PRINTERS_SCANNERS	wireless_standard	optional	false	child_pack_may_promote_to_required	Common specs coverage matrix; final requirement resolved by public category pack.
TECH.PRINTERS_SCANNERS	os_family	optional	false	child_pack_may_promote_to_required	Common specs coverage matrix; final requirement resolved by public category pack.
TECH.PRINTERS_SCANNERS	chipset_text	optional	false	child_pack_may_promote_to_required	Common specs coverage matrix; final requirement resolved by public category pack.
TECH.PRINTERS_SCANNERS	dimensions	optional	false	child_pack_may_promote_to_required	Common specs coverage matrix; final requirement resolved by public category pack.
TECH.PRINTERS_SCANNERS	weight	optional	false	child_pack_may_promote_to_required	Common specs coverage matrix; final requirement resolved by public category pack.
TECH.PRINTERS_SCANNERS	water_resistance	optional	false	child_pack_may_promote_to_required	Common specs coverage matrix; final requirement resolved by public category pack.
TECH.PRINTERS_SCANNERS	network_generation	optional	false	child_pack_may_promote_to_required	Common specs coverage matrix; final requirement resolved by public category pack.
TECH.PRINTERS_SCANNERS	bluetooth_version	optional	false	child_pack_may_promote_to_required	Common specs coverage matrix; final requirement resolved by public category pack.
TECH.PRINTERS_SCANNERS	wi_fi_standard	optional	false	child_pack_may_promote_to_required	Common specs coverage matrix; final requirement resolved by public category pack.
TECH.PRINTERS_SCANNERS	storage_type	optional	false	child_pack_may_promote_to_required	Common specs coverage matrix; final requirement resolved by public category pack.
TECH.PRINTERS_SCANNERS	panel_type	optional	false	child_pack_may_promote_to_required	Common specs coverage matrix; final requirement resolved by public category pack.
TECH.PRINTERS_SCANNERS	charging_standard	optional	false	child_pack_may_promote_to_required	Common specs coverage matrix; final requirement resolved by public category pack.
TECH.PRINTERS_SCANNERS	cable_length_m	optional	false	child_pack_may_promote_to_required	Common specs coverage matrix; final requirement resolved by public category pack.
TECH.PRINTERS_SCANNERS	data_transfer_rate	optional	false	child_pack_may_promote_to_required	Common specs coverage matrix; final requirement resolved by public category pack.
TECH.PRINTERS_SCANNERS	camera_resolution_mp	optional	false	child_pack_may_promote_to_required	Common specs coverage matrix; final requirement resolved by public category pack.
TECH.PRINTERS_SCANNERS	video_resolution	optional	false	child_pack_may_promote_to_required	Common specs coverage matrix; final requirement resolved by public category pack.
TECH.PRINTERS_SCANNERS	sensor_set	optional	false	child_pack_may_promote_to_required	Common specs coverage matrix; final requirement resolved by public category pack.
TECH.PRINTERS_SCANNERS	sim_support	optional	false	child_pack_may_promote_to_required	Common specs coverage matrix; final requirement resolved by public category pack.
TECH.PRINTERS_SCANNERS	poe_support	optional	false	child_pack_may_promote_to_required	Common specs coverage matrix; final requirement resolved by public category pack.
TECH.CAR_ELECTRONICS_GPS	storage_capacity	optional	false	child_pack_may_promote_to_required	Common specs coverage matrix; final requirement resolved by public category pack.
TECH.CAR_ELECTRONICS_GPS	ram_capacity	optional	false	child_pack_may_promote_to_required	Common specs coverage matrix; final requirement resolved by public category pack.
TECH.CAR_ELECTRONICS_GPS	screen_size	optional	false	child_pack_may_promote_to_required	Common specs coverage matrix; final requirement resolved by public category pack.
TECH.CAR_ELECTRONICS_GPS	screen_resolution	optional	false	child_pack_may_promote_to_required	Common specs coverage matrix; final requirement resolved by public category pack.
TECH.CAR_ELECTRONICS_GPS	refresh_rate_hz	optional	false	child_pack_may_promote_to_required	Common specs coverage matrix; final requirement resolved by public category pack.
TECH.CAR_ELECTRONICS_GPS	battery_capacity_mah	optional	false	child_pack_may_promote_to_required	Common specs coverage matrix; final requirement resolved by public category pack.
TECH.CAR_ELECTRONICS_GPS	battery_capacity_wh	optional	false	child_pack_may_promote_to_required	Common specs coverage matrix; final requirement resolved by public category pack.
TECH.CAR_ELECTRONICS_GPS	power_watts	optional	false	child_pack_may_promote_to_required	Common specs coverage matrix; final requirement resolved by public category pack.
TECH.CAR_ELECTRONICS_GPS	connector_type	optional	false	child_pack_may_promote_to_required	Common specs coverage matrix; final requirement resolved by public category pack.
TECH.CAR_ELECTRONICS_GPS	wireless_standard	optional	false	child_pack_may_promote_to_required	Common specs coverage matrix; final requirement resolved by public category pack.
TECH.CAR_ELECTRONICS_GPS	os_family	optional	false	child_pack_may_promote_to_required	Common specs coverage matrix; final requirement resolved by public category pack.
TECH.CAR_ELECTRONICS_GPS	chipset_text	optional	false	child_pack_may_promote_to_required	Common specs coverage matrix; final requirement resolved by public category pack.
TECH.CAR_ELECTRONICS_GPS	dimensions	optional	false	child_pack_may_promote_to_required	Common specs coverage matrix; final requirement resolved by public category pack.
TECH.CAR_ELECTRONICS_GPS	weight	optional	false	child_pack_may_promote_to_required	Common specs coverage matrix; final requirement resolved by public category pack.
TECH.CAR_ELECTRONICS_GPS	water_resistance	optional	false	child_pack_may_promote_to_required	Common specs coverage matrix; final requirement resolved by public category pack.
TECH.CAR_ELECTRONICS_GPS	network_generation	optional	false	child_pack_may_promote_to_required	Common specs coverage matrix; final requirement resolved by public category pack.
TECH.CAR_ELECTRONICS_GPS	bluetooth_version	optional	false	child_pack_may_promote_to_required	Common specs coverage matrix; final requirement resolved by public category pack.
TECH.CAR_ELECTRONICS_GPS	wi_fi_standard	optional	false	child_pack_may_promote_to_required	Common specs coverage matrix; final requirement resolved by public category pack.
TECH.CAR_ELECTRONICS_GPS	storage_type	optional	false	child_pack_may_promote_to_required	Common specs coverage matrix; final requirement resolved by public category pack.
TECH.CAR_ELECTRONICS_GPS	panel_type	optional	false	child_pack_may_promote_to_required	Common specs coverage matrix; final requirement resolved by public category pack.
TECH.CAR_ELECTRONICS_GPS	charging_standard	optional	false	child_pack_may_promote_to_required	Common specs coverage matrix; final requirement resolved by public category pack.
TECH.CAR_ELECTRONICS_GPS	cable_length_m	optional	false	child_pack_may_promote_to_required	Common specs coverage matrix; final requirement resolved by public category pack.
TECH.CAR_ELECTRONICS_GPS	data_transfer_rate	optional	false	child_pack_may_promote_to_required	Common specs coverage matrix; final requirement resolved by public category pack.
TECH.CAR_ELECTRONICS_GPS	camera_resolution_mp	optional	false	child_pack_may_promote_to_required	Common specs coverage matrix; final requirement resolved by public category pack.
TECH.CAR_ELECTRONICS_GPS	video_resolution	optional	false	child_pack_may_promote_to_required	Common specs coverage matrix; final requirement resolved by public category pack.
TECH.CAR_ELECTRONICS_GPS	sensor_set	optional	false	child_pack_may_promote_to_required	Common specs coverage matrix; final requirement resolved by public category pack.
TECH.CAR_ELECTRONICS_GPS	sim_support	optional	false	child_pack_may_promote_to_required	Common specs coverage matrix; final requirement resolved by public category pack.
TECH.CAR_ELECTRONICS_GPS	poe_support	optional	false	child_pack_may_promote_to_required	Common specs coverage matrix; final requirement resolved by public category pack.
